index,Laptop Brand, Processor Brand ,Clock Speed,Cache,Number of Cores,SSD Capacity,HDD Capacity,RAM,Graphic Processor,Dedicated Graphic Memory Capacity,Screen Size,Screen Resolution,Battery Cell,Weight,Cost,Link
0,HP,Intel,Max Turbo Boost at 4.4 GHz,12 MB,10,512 GB,1 TB,16 GB,Intel Integrated Iris Xe,4 GB,35.56 cm (14 inch),1920 x 1080 Pixels,3 Cell,1.41 Kg kg,"₹58,499",https://www.flipkart.com/hp-core-i5-12th-gen-16-gb-512-gb-ssd-windows-11-home-14s-dy5005tu-thin-light-laptop/p/itm9372d97b214bd?pid=COMGG3S93DSUQPMU&lid=LSTCOMGG3S93DSUQPMUWKX9QS&marketplace=FLIPKART&q=laptops&store=6bo%2Fb5g&srno=s_1_1&otracker=AS_Query_TrendingAutoSuggest_1_0_na_na_na&otracker1=AS_Query_TrendingAutoSuggest_1_0_na_na_na&fm=organic&iid=3e9ee6a3-c0b3-4714-b759-c7d8a23872cf.COMGG3S93DSUQPMU.SEARCH&ppt=None&ppn=None&ssid=y08taens1s0000001663391040861&qH=c06ea84a1e3dc3c6
1,HP,Intel,1.7 GHz Upto Max Turbo Frequency at 4.1 GHz,8,4,256 GB,,8 GB,Intel Integrated UHD,4 GB,35.56 cm (14 inch),1920 x 1080 Pixel,3 Cell,1.46 kg,"₹38,990",https://www.flipkart.com/hp-core-i3-11th-gen-8-gb-256-gb-ssd-windows-11-home-14s-dy2506tu-thin-light-laptop/p/itm6e9f19b41d9c9?pid=COMG92FXHPYEN44H&lid=LSTCOMG92FXHPYEN44HKXQR8G&marketplace=FLIPKART&q=laptops&store=6bo%2Fb5g&srno=s_1_2&otracker=AS_Query_TrendingAutoSuggest_1_0_na_na_na&otracker1=AS_Query_TrendingAutoSuggest_1_0_na_na_na&fm=organic&iid=3e9ee6a3-c0b3-4714-b759-c7d8a23872cf.COMG92FXHPYEN44H.SEARCH&ppt=None&ppn=None&ssid=y08taens1s0000001663391040861&qH=c06ea84a1e3dc3c6
2,HP,AMD,2.6 GHz with Turbo Boost Upto 3.5 GHz,5 MB,2,256 GB,,8 GB,AMD Radeon Vega 6,,39.62 cm (15.6 inch),1920 x 1080 Pixel,3 cell,1.82 kg,"₹38,999",https://www.flipkart.com/hp-15s-ryzen-3-dual-core-3250u-8-gb-1-tb-hdd-256-gb-ssd-windows-10-home-15s-gr0012au-laptop/p/itm9e1f8deeed35f?pid=COMFZHFWBE7APPH2&lid=LSTCOMFZHFWBE7APPH2PLTTEQ&marketplace=FLIPKART&q=laptops&store=6bo%2Fb5g&srno=s_1_3&otracker=AS_Query_TrendingAutoSuggest_1_0_na_na_na&otracker1=AS_Query_TrendingAutoSuggest_1_0_na_na_na&fm=organic&iid=3e9ee6a3-c0b3-4714-b759-c7d8a23872cf.COMFZHFWBE7APPH2.SEARCH&ppt=None&ppn=None&ssid=y08taens1s0000001663391040861&qH=c06ea84a1e3dc3c6
3,HP,AMD,2.1 GHz with Max Turbo Boost Frequency Up to 4.0 GHz,8,6,512 GB,,8 GB,AMD Radeon AMD,,39.62 cm (15.6 inch),1920 x 1080 Pixel,3 cell,1.69 kg,"₹47,490",https://www.flipkart.com/hp-ryzen-5-hexa-core-5500u-8-gb-512-gb-ssd-windows-11-home-15s-eq2144au-thin-light-laptop/p/itm1eb242c8ec463?pid=COMGBH9JDPVGD8BH&lid=LSTCOMGBH9JDPVGD8BHIZPQIL&marketplace=FLIPKART&q=laptops&store=6bo%2Fb5g&srno=s_1_4&otracker=AS_Query_TrendingAutoSuggest_1_0_na_na_na&otracker1=AS_Query_TrendingAutoSuggest_1_0_na_na_na&fm=organic&iid=3e9ee6a3-c0b3-4714-b759-c7d8a23872cf.COMGBH9JDPVGD8BH.SEARCH&ppt=None&ppn=None&ssid=y08taens1s0000001663391040861&qH=c06ea84a1e3dc3c6
4,HP,Intel,"Base Frequency 1.7 GHz, Max Turbo Frequency at 4.1 GHz",6 MB,2,512 GB,,8 GB,Intel Integrated UHD,,35.56 cm (14 inch),1920 x 1080 Pixel,3 Cell,1.41 kg,"₹40,990",https://www.flipkart.com/hp-core-i3-11th-gen-8-gb-512-gb-ssd-windows-11-home-14s-dy2508tu-thin-light-laptop/p/itm49f4531237a12?pid=COMGGTT4VFWG3FFM&lid=LSTCOMGGTT4VFWG3FFMB7VNLU&marketplace=FLIPKART&q=laptops&store=6bo%2Fb5g&srno=s_1_5&otracker=AS_Query_TrendingAutoSuggest_1_0_na_na_na&otracker1=AS_Query_TrendingAutoSuggest_1_0_na_na_na&fm=organic&iid=3e9ee6a3-c0b3-4714-b759-c7d8a23872cf.COMGGTT4VFWG3FFM.SEARCH&ppt=None&ppn=None&ssid=y08taens1s0000001663391040861&qH=c06ea84a1e3dc3c6
5,HP,Intel,"1.3 GHz upto Max 4.4 GHz,",12,2,512 GB,,8 GB,Intel Integrated Iris Xe,,39.62 cm (15.6 inch),1920 x 1080 Pixel,3 Cell,1.69 Kg,"₹56,490",https://www.flipkart.com/hp-core-i5-12th-gen-8-gb-512-gb-ssd-windows-11-home-15s-fq5111tu-thin-light-laptop/p/itmbecf654716fd5?pid=COMGG63HGDTFCCGW&lid=LSTCOMGG63HGDTFCCGWLETTA9&marketplace=FLIPKART&q=laptops&store=6bo%2Fb5g&srno=s_1_6&otracker=AS_Query_TrendingAutoSuggest_1_0_na_na_na&otracker1=AS_Query_TrendingAutoSuggest_1_0_na_na_na&fm=organic&iid=3e9ee6a3-c0b3-4714-b759-c7d8a23872cf.COMGG63HGDTFCCGW.SEARCH&ppt=None&ppn=None&ssid=y08taens1s0000001663391040861&qH=c06ea84a1e3dc3c6
6,HP,Intel,Up to 4.1 GHz,6,8,256 GB,,8 GB,Intel Integrated UHD Graphics,,35.56 cm (14 inch),1920 x 1080 Pixel,3,1.41 Kg,"₹38,490",https://www.flipkart.com/hp-core-i3-11th-gen-8-gb-256-gb-ssd-windows-11-home-14s-dy2507tu-thin-light-laptop/p/itm183e95bd1f23b?pid=COMGG63H9BFFUYVY&lid=LSTCOMGG63H9BFFUYVYQPFKJJ&marketplace=FLIPKART&q=laptops&store=6bo%2Fb5g&srno=s_1_7&otracker=AS_Query_TrendingAutoSuggest_1_0_na_na_na&otracker1=AS_Query_TrendingAutoSuggest_1_0_na_na_na&fm=organic&iid=3e9ee6a3-c0b3-4714-b759-c7d8a23872cf.COMGG63H9BFFUYVY.SEARCH&ppt=None&ppn=None&ssid=y08taens1s0000001663391040861&qH=c06ea84a1e3dc3c6
7,HP,AMD,4.4,16,6,1 TB,,16 GB,AMD Radeon AMD Radeon,,33.78 cm (13.3 Inch),1920 x 1200 Pixel,3,0.97 Kg,"₹74,490",https://www.flipkart.com/hp-pavilion-ryzen-7-octa-core-5800u-16-gb-1-tb-ssd-windows-11-home-13-be0208au-thin-light-laptop/p/itmf23bd08a9fa3c?pid=COMG8CY8EZG2SHRW&lid=LSTCOMG8CY8EZG2SHRWCUV70X&marketplace=FLIPKART&q=laptops&store=6bo%2Fb5g&srno=s_1_8&otracker=AS_Query_TrendingAutoSuggest_1_0_na_na_na&otracker1=AS_Query_TrendingAutoSuggest_1_0_na_na_na&fm=organic&iid=3e9ee6a3-c0b3-4714-b759-c7d8a23872cf.COMG8CY8EZG2SHRW.SEARCH&ppt=None&ppn=None&ssid=y08taens1s0000001663391040861&qH=c06ea84a1e3dc3c6
8,HP,AMD,3.3 GHz with Turbo Boost Upto 4.2 GHz,16MB,4,512 GB,,8 GB,NVIDIA GeForce GTX 1650,,39.62 cm (15.6 inch),1920 x 1080 Pixel,3 cell,1.98 kg,"₹58,990",https://www.flipkart.com/hp-pavilion-ryzen-5-hexa-core-5600h-8-gb-512-gb-ssd-windows-10-4-graphics-nvidia-geforce-gtx-1650-144-hz-15-ec2004ax-gaming-laptop/p/itm98c94bbf9bc20?pid=COMG5GZXPWMGTNWS&lid=LSTCOMG5GZXPWMGTNWSQE9WVW&marketplace=FLIPKART&q=laptops&store=6bo%2Fb5g&srno=s_1_9&otracker=AS_Query_TrendingAutoSuggest_1_0_na_na_na&otracker1=AS_Query_TrendingAutoSuggest_1_0_na_na_na&fm=organic&iid=3e9ee6a3-c0b3-4714-b759-c7d8a23872cf.COMG5GZXPWMGTNWS.SEARCH&ppt=None&ppn=None&ssid=y08taens1s0000001663391040861&qH=c06ea84a1e3dc3c6
9,HP,AMD,2.3 GHz upto max turbo frequency at 3.2 Ghz,4,6,512 GB,,8 GB,AMD Radeon AMD,,39.62 cm (15.6 inch),1920 x 1080 Pixel,3 Cell,1.69 Kg,"₹34,999",https://www.flipkart.com/hp-athlon-dual-core-3050u-8-gb-512-gb-ssd-windows-11-home-15s-eq1559au-thin-light-laptop/p/itm805c7d908648d?pid=COMGG63HRV3GFN4G&lid=LSTCOMGG63HRV3GFN4GQCQPAT&marketplace=FLIPKART&q=laptops&store=6bo%2Fb5g&srno=s_1_10&otracker=AS_Query_TrendingAutoSuggest_1_0_na_na_na&otracker1=AS_Query_TrendingAutoSuggest_1_0_na_na_na&fm=organic&iid=3e9ee6a3-c0b3-4714-b759-c7d8a23872cf.COMGG63HRV3GFN4G.SEARCH&ppt=None&ppn=None&ssid=y08taens1s0000001663391040861&qH=c06ea84a1e3dc3c6
10,HP,Intel,1.7 GHz upto max turbo frequency at 3.7 Ghz,8,6,256 GB,,8 GB,Intel Integrated UHD,,35.56 cm (14 inch),1920 x 1080 pixel,3 cell,1.52 kg,"₹47,990",https://www.flipkart.com/hp-pavilion-x360-core-i3-11th-gen-8-gb-256-gb-ssd-windows-11-home-14-dy0190tu-2-1-laptop/p/itm2485c56a6d60d?pid=COMGA3743UQM5QZ4&lid=LSTCOMGA3743UQM5QZ4ZQUM2L&marketplace=FLIPKART&q=laptops&store=6bo%2Fb5g&srno=s_1_11&otracker=AS_Query_TrendingAutoSuggest_1_0_na_na_na&otracker1=AS_Query_TrendingAutoSuggest_1_0_na_na_na&fm=organic&iid=3e9ee6a3-c0b3-4714-b759-c7d8a23872cf.COMGA3743UQM5QZ4.SEARCH&ppt=None&ppn=None&ssid=y08taens1s0000001663391040861&qH=c06ea84a1e3dc3c6
11,HP,AMD,2.4 GHz upto max turbo frequency at 4.3 Ghz,16,6,512 GB,,16 GB,AMD Radeon AMD,,35.56 cm (14 inch),1920 x 1080 Pixel,3 Cell,1.41 kg,"₹60,990",https://www.flipkart.com/hp-pavilion-ryzen-5-hexa-core-5625u-16-gb-512-gb-ssd-windows-11-home-14-ec1019au-thin-light-laptop/p/itma87dcdbbd87a3?pid=COMGDSFCWQY5EFZB&lid=LSTCOMGDSFCWQY5EFZBI2IRJS&marketplace=FLIPKART&q=laptops&store=6bo%2Fb5g&srno=s_1_12&otracker=AS_Query_TrendingAutoSuggest_1_0_na_na_na&otracker1=AS_Query_TrendingAutoSuggest_1_0_na_na_na&fm=organic&iid=3e9ee6a3-c0b3-4714-b759-c7d8a23872cf.COMGDSFCWQY5EFZB.SEARCH&ppt=None&ppn=None&ssid=y08taens1s0000001663391040861&qH=c06ea84a1e3dc3c6
12,HP,AMD,Up to 4.0 GHz max boost clock,8,4,512 GB,,16 GB,AMD Radeon Radeon Graphics,,39.62 cm (15.6 Inch),1920 x 1080 Pixels,3,1.69 Kg,"₹53,990",https://www.flipkart.com/hp-ryzen-5-hexa-core-5500u-16-gb-512-gb-ssd-windows-11-home-15s-eq2182au-thin-light-laptop/p/itm09b322c037285?pid=COMGFRHGDB9G3Z9C&lid=LSTCOMGFRHGDB9G3Z9C3FOYP9&marketplace=FLIPKART&q=laptops&store=6bo%2Fb5g&srno=s_1_13&otracker=AS_Query_TrendingAutoSuggest_1_0_na_na_na&otracker1=AS_Query_TrendingAutoSuggest_1_0_na_na_na&fm=organic&iid=3e9ee6a3-c0b3-4714-b759-c7d8a23872cf.COMGFRHGDB9G3Z9C.SEARCH&ppt=None&ppn=None&ssid=y08taens1s0000001663391040861&qH=c06ea84a1e3dc3c6
13,HP,AMD,2.1 GHz with Max Turbo Boost Frequency Up to 4.0 GHz,8,4,512 GB,,8 GB,AMD Radeon AMD,,35.56 cm (14 inch),1920 x 1080 Pixel,3 cell,1.46 Kg,"₹48,017",https://www.flipkart.com/hp-ryzen-5-hexa-core-5500u-8-gb-512-gb-ssd-windows-11-home-14s-fq1092au-thin-light-laptop/p/itm808dc28eb54e7?pid=COMGAX8EYBZZDXY6&lid=LSTCOMGAX8EYBZZDXY6KGWIPZ&marketplace=FLIPKART&q=laptops&store=6bo%2Fb5g&srno=s_1_14&otracker=AS_Query_TrendingAutoSuggest_1_0_na_na_na&otracker1=AS_Query_TrendingAutoSuggest_1_0_na_na_na&fm=organic&iid=3e9ee6a3-c0b3-4714-b759-c7d8a23872cf.COMGAX8EYBZZDXY6.SEARCH&ppt=None&ppn=None&ssid=y08taens1s0000001663391040861&qH=c06ea84a1e3dc3c6
14,HP,Intel,4.5,8,2,512 GB,,8 GB,Intel Integrated Iris Xe Graphics,,39.62 cm (15.6 Inch),1920 x 1080 Pixels,3,1.69 Kg,"₹51,890",https://www.flipkart.com/hp-core-i5-11th-gen-8-gb-512-gb-ssd-windows-11-home-15s-fq4022tu-thin-light-laptop/p/itm884a0e7eddc83?pid=COMGBH9JY38MYJAZ&lid=LSTCOMGBH9JY38MYJAZU1WJIK&marketplace=FLIPKART&q=laptops&store=6bo%2Fb5g&srno=s_1_15&otracker=AS_Query_TrendingAutoSuggest_1_0_na_na_na&otracker1=AS_Query_TrendingAutoSuggest_1_0_na_na_na&fm=organic&iid=3e9ee6a3-c0b3-4714-b759-c7d8a23872cf.COMGBH9JY38MYJAZ.SEARCH&ppt=None&ppn=None&ssid=y08taens1s0000001663391040861&qH=c06ea84a1e3dc3c6
15,HP,Intel,Max Turbo Frequency Up to 3.7 GHz,8 MB,4,512 GB,,8 GB,Intel Integrated UHD,,35.56 cm (14 inch),1920 x 1080 Pixel,3 Cell,1.52 kg,"₹52,990",https://www.flipkart.com/hp-pavilion-x360-core-i3-11th-gen-8-gb-512-gb-ssd-windows-11-home-14-dy0186tu-2-1-laptop/p/itm367c6182b8f54?pid=COMG9WRFYCG8RFJP&lid=LSTCOMG9WRFYCG8RFJPCO53IF&marketplace=FLIPKART&q=laptops&store=6bo%2Fb5g&srno=s_1_16&otracker=AS_Query_TrendingAutoSuggest_1_0_na_na_na&otracker1=AS_Query_TrendingAutoSuggest_1_0_na_na_na&fm=organic&iid=3e9ee6a3-c0b3-4714-b759-c7d8a23872cf.COMG9WRFYCG8RFJP.SEARCH&ppt=None&ppn=None&ssid=y08taens1s0000001663391040861&qH=c06ea84a1e3dc3c6
16,HP,AMD,"2.6 GHz base clock, up to 3.5 GHz max",4,6,512 GB,,8 GB,AMD Radeon Radeon,,39.62 cm (15.6 inch),1920 x 1080 Pixel,3,1.69 Kg,"₹34,999",https://www.flipkart.com/hp-ryzen-3-dual-core-3250u-8-gb-512-gb-ssd-windows-11-home-15s-eq1560au-thin-light-laptop/p/itmd282d5968dfec?pid=COMGGFZHCHFBCHXX&lid=LSTCOMGGFZHCHFBCHXXX07GJZ&marketplace=FLIPKART&q=laptops&store=6bo%2Fb5g&srno=s_1_17&otracker=AS_Query_TrendingAutoSuggest_1_0_na_na_na&otracker1=AS_Query_TrendingAutoSuggest_1_0_na_na_na&fm=organic&iid=3e9ee6a3-c0b3-4714-b759-c7d8a23872cf.COMGGFZHCHFBCHXX.SEARCH&ppt=None&ppn=None&ssid=y08taens1s0000001663391040861&qH=c06ea84a1e3dc3c6
17,HP,Intel,2.9 GHz upto max turbo frequency at 5 GHz,12,4,512 GB,,16 GB,Intel Integrated Iris Xe Graphics,,35.56 cm (14 inch),1920 x 1080 Pixel,3 cell,1.52 kg,"₹82,990",https://www.flipkart.com/hp-pavilion-x360-convertible-core-i7-11th-gen-16-gb-512-gb-ssd-windows-11-home-14-dy1047tu-thin-light-laptop/p/itm33a412438c15a?pid=COMGCNDPKPCKGGQZ&lid=LSTCOMGCNDPKPCKGGQZ6VLE0Q&marketplace=FLIPKART&q=laptops&store=6bo%2Fb5g&srno=s_1_18&otracker=AS_Query_TrendingAutoSuggest_1_0_na_na_na&otracker1=AS_Query_TrendingAutoSuggest_1_0_na_na_na&fm=organic&iid=3e9ee6a3-c0b3-4714-b759-c7d8a23872cf.COMGCNDPKPCKGGQZ.SEARCH&ppt=None&ppn=None&ssid=y08taens1s0000001663391040861&qH=c06ea84a1e3dc3c6
18,HP,Intel,Max Turbo Boost at 4.5 GHz,12 MB,2,512 GB,,8 GB,NVIDIA GeForce RTX 3050,,40.89 cm (16.1 inch),1920 x 1080 Pixels,4 Cell,2.48 Kg,"₹67,990",https://www.flipkart.com/hp-victus-core-i5-11th-gen-8-gb-512-gb-ssd-windows-11-home-4-graphics-nvidia-geforce-rtx-3050-144-hz-16-d0354tx-gaming-laptop/p/itm272629b3faa52?pid=COMGEVBGVFVBFJHE&lid=LSTCOMGEVBGVFVBFJHE2H2HV0&marketplace=FLIPKART&q=laptops&store=6bo%2Fb5g&srno=s_1_19&otracker=AS_Query_TrendingAutoSuggest_1_0_na_na_na&otracker1=AS_Query_TrendingAutoSuggest_1_0_na_na_na&fm=organic&iid=3e9ee6a3-c0b3-4714-b759-c7d8a23872cf.COMGEVBGVFVBFJHE.SEARCH&ppt=None&ppn=None&ssid=y08taens1s0000001663391040861&qH=c06ea84a1e3dc3c6
19,HP,AMD,2.6 GHz with Turbo Boost Upto 3.8 GHz,4,6,512 GB,,8 GB,AMD Radeon AMD,,39.62 cm (15.6 inch),1920 x 1080 Pixel,3 cell,1.69 Kg,"₹38,499",https://www.flipkart.com/hp-ryzen-3-quad-core-5300u-8-gb-512-gb-ssd-windows-11-home-15s-eq2143au-thin-light-laptop/p/itm833bca55e158b?pid=COMGAX8EEYFKCESS&lid=LSTCOMGAX8EEYFKCESS83R2QP&marketplace=FLIPKART&q=laptops&store=6bo%2Fb5g&srno=s_1_20&otracker=AS_Query_TrendingAutoSuggest_1_0_na_na_na&otracker1=AS_Query_TrendingAutoSuggest_1_0_na_na_na&fm=organic&iid=3e9ee6a3-c0b3-4714-b759-c7d8a23872cf.COMGAX8EEYFKCESS.SEARCH&ppt=None&ppn=None&ssid=y08taens1s0000001663391040861&qH=c06ea84a1e3dc3c6
20,HP,AMD,2.1 GHz with Turbo Boost Upto 4 GHz,8 MB,4,512 GB,,8 GB,AMD Radeon AMD,,39.62 cm (15.6 Inch),1920 x 1080 Pixel,3 Cell,1.75 Kg,"₹54,999",https://www.flipkart.com/hp-pavilion-ryzen-5-hexa-core-5500u-8-gb-512-gb-ssd-windows-10-home-15-eh1101au-thin-light-laptop/p/itmbbe1a7a3f907e?pid=COMG67BXFFXYZSMZ&lid=LSTCOMG67BXFFXYZSMZEBZDME&marketplace=FLIPKART&q=laptops&store=6bo%2Fb5g&srno=s_1_21&otracker=AS_Query_TrendingAutoSuggest_1_0_na_na_na&otracker1=AS_Query_TrendingAutoSuggest_1_0_na_na_na&fm=organic&iid=3e9ee6a3-c0b3-4714-b759-c7d8a23872cf.COMG67BXFFXYZSMZ.SEARCH&ppt=None&ppn=None&ssid=y08taens1s0000001663391040861&qH=c06ea84a1e3dc3c6
21,HP,AMD,2.6 GHz to max turbo frequency at 3.5 Ghz,8 MB,,256 GB,,8 GB,AMD Radeon AMD,,39.62 cm (15.6 inch),1920 x 1080 Pixels,3 cell,1.69 kg,"₹35,750",https://www.flipkart.com/hp-ryzen-3-dual-core-3250u-8-gb-256-gb-ssd-windows-11-home-15s-gy0501au-thin-light-laptop/p/itmcc3db7767aba4?pid=COMG6MVEA2PWVH3B&lid=LSTCOMG6MVEA2PWVH3BJ8QBY0&marketplace=FLIPKART&q=laptops&store=6bo%2Fb5g&srno=s_1_22&otracker=AS_Query_TrendingAutoSuggest_1_0_na_na_na&otracker1=AS_Query_TrendingAutoSuggest_1_0_na_na_na&fm=organic&iid=3e9ee6a3-c0b3-4714-b759-c7d8a23872cf.COMG6MVEA2PWVH3B.SEARCH&ppt=None&ppn=None&ssid=y08taens1s0000001663391040861&qH=c06ea84a1e3dc3c6
22,HP,AMD,Max Turbo Boost at 4.0 GHz,8,,512 GB,,16 GB,AMD Radeon AMD,,35.56 cm (14 inch),1920 x 1080 Pixels,3 Cell,1.46 Kg kg,"₹50,999",https://www.flipkart.com/hp-ryzen-5-hexa-core-5500u-16-gb-512-gb-ssd-windows-11-home-14s-fy1003au-thin-light-laptop/p/itm0da2f0fc45d99?pid=COMGG3S9HWSFYNHW&lid=LSTCOMGG3S9HWSFYNHWUE3QX5&marketplace=FLIPKART&q=laptops&store=6bo%2Fb5g&srno=s_1_23&otracker=AS_Query_TrendingAutoSuggest_1_0_na_na_na&otracker1=AS_Query_TrendingAutoSuggest_1_0_na_na_na&fm=organic&iid=3e9ee6a3-c0b3-4714-b759-c7d8a23872cf.COMGG3S9HWSFYNHW.SEARCH&ppt=None&ppn=None&ssid=y08taens1s0000001663391040861&qH=c06ea84a1e3dc3c6
23,HP,Intel,3.7,,,512 GB,,8 GB,Intel Integrated UHD Graphics,,35.56 cm (14 Inch),1920 x 1080 Pixels,3,1.46 Kg,"₹45,980",https://www.flipkart.com/hp-core-i3-11th-gen-8-gb-512-gb-ssd-windows-11-home-14s-dq2606tu-thin-light-laptop/p/itm0b19e546c47d9?pid=COMGCGSTN9R4WPQV&lid=LSTCOMGCGSTN9R4WPQV76TNJK&marketplace=FLIPKART&q=laptops&store=6bo%2Fb5g&srno=s_1_24&otracker=AS_Query_TrendingAutoSuggest_1_0_na_na_na&otracker1=AS_Query_TrendingAutoSuggest_1_0_na_na_na&fm=organic&iid=3e9ee6a3-c0b3-4714-b759-c7d8a23872cf.COMGCGSTN9R4WPQV.SEARCH&ppt=None&ppn=None&ssid=y08taens1s0000001663391040861&qH=c06ea84a1e3dc3c6
24,ASUS,Intel,1.2 GHz upto max turbo frequency at 3.4 Ghz,6,2,256 GB,1 TB,8 GB,Intel Integrated UHD,4 GB,39.62 cm (15.6 Inch),1920 x 1080 Pixel,2 Cell,1.80 kg,"₹27,990",https://www.flipkart.com/asus-vivobook-15-core-i3-10th-gen-8-gb-256-gb-ssd-windows-11-home-x515ja-ej312ws-thin-light-laptop/p/itm28e74f58362d8?pid=COMGFW4JEUBRKZGQ&lid=LSTCOMGFW4JEUBRKZGQAISZQX&marketplace=FLIPKART&q=laptops&store=6bo%2Fb5g&srno=s_1_1&otracker=AS_Query_TrendingAutoSuggest_1_0_na_na_na&otracker1=AS_Query_TrendingAutoSuggest_1_0_na_na_na&fm=organic&iid=730c83bd-ec65-494c-88c1-7bc7fbfc7561.COMGFW4JEUBRKZGQ.SEARCH&ppt=None&ppn=None&ssid=yw3q8glvi80000001663391164155&qH=c06ea84a1e3dc3c6
25,ASUS,AMD,"Base Frequency 2.10 GHz, Max Turbo Boost Frequency Up to 3.7 GHz",12 MB,8,512 GB,1 TB,8 GB,AMD Radeon Vega 8,4 GB,35.56 cm (14 inch),1920 x 1080 Pixel,4 Cell,1.60 kg,"₹35,990",https://www.flipkart.com/asus-vivobook-14-2022-ryzen-5-quad-core-3500u-8-gb-512-gb-ssd-windows-11-home-m415da-eb712ws-thin-light-laptop/p/itm291ea229a80a6?pid=COMGCG2GZKRCJUBZ&lid=LSTCOMGCG2GZKRCJUBZ1XPKVP&marketplace=FLIPKART&q=laptops&store=6bo%2Fb5g&srno=s_1_2&otracker=AS_Query_TrendingAutoSuggest_1_0_na_na_na&otracker1=AS_Query_TrendingAutoSuggest_1_0_na_na_na&fm=organic&iid=730c83bd-ec65-494c-88c1-7bc7fbfc7561.COMGCG2GZKRCJUBZ.SEARCH&ppt=None&ppn=None&ssid=yw3q8glvi80000001663391164155&qH=c06ea84a1e3dc3c6
26,ASUS,AMD,Max Turbo Frequency at 4.2 GHz,4 MB,2,1 TB,,16 GB,NVIDIA GeForce RTX 3050 Ti,4 GB,39.62 cm (15.6 inch),1920 x 1080 Pixel,3,2.10 kg,"₹95,990",https://www.flipkart.com/asus-rog-strix-g15-ryzen-7-octa-core-4800h-16-gb-1-tb-ssd-windows-11-home-4-gb-graphics-nvidia-geforce-rtx-3050-ti-144-hz-g513ie-hn040ws-gaming-laptop/p/itm13c7975bead0a?pid=COMGE73KYN76YZC7&lid=LSTCOMGE73KYN76YZC71JHKIS&marketplace=FLIPKART&q=laptops&store=6bo%2Fb5g&srno=s_1_3&otracker=AS_Query_TrendingAutoSuggest_1_0_na_na_na&otracker1=AS_Query_TrendingAutoSuggest_1_0_na_na_na&fm=organic&iid=730c83bd-ec65-494c-88c1-7bc7fbfc7561.COMGE73KYN76YZC7.SEARCH&ppt=None&ppn=None&ssid=yw3q8glvi80000001663391164155&qH=c06ea84a1e3dc3c6
27,ASUS,Intel,1.2 Ghz. Turbo Upto 3.4 Ghz.,12,4,512 GB,,8 GB,Intel Integrated UHD,4 GB,35.56 cm (14 inch),1366x768 pixel,2 cell,1.6 kg,"₹29,990",https://www.flipkart.com/asus-vivobook-14-core-i3-10th-gen-8-gb-1-tb-hdd-windows-11-home-x415ja-bv301ws-laptop/p/itmefe89905389cf?pid=COMGHQS9HG9Q5RN3&lid=LSTCOMGHQS9HG9Q5RN3FJRQPR&marketplace=FLIPKART&q=laptops&store=6bo%2Fb5g&srno=s_1_4&otracker=AS_Query_TrendingAutoSuggest_1_0_na_na_na&otracker1=AS_Query_TrendingAutoSuggest_1_0_na_na_na&fm=organic&iid=730c83bd-ec65-494c-88c1-7bc7fbfc7561.COMGHQS9HG9Q5RN3.SEARCH&ppt=None&ppn=None&ssid=yw3q8glvi80000001663391164155&qH=c06ea84a1e3dc3c6
28,ASUS,AMD,2.3 Ghz With Turbo Upto 4.0,4,8,512 GB,,16 GB,AMD Radeon Radeon RX Vega 10 Graphics,,39.62 cm (15.6 inch),1920 x 1080$$Pixels pixel,3 Cell,1.8 kg,"₹46,990",https://www.flipkart.com/asus-vivobook-15-ryzen-7-quad-core-amd-r7-3700u-16-gb-512-gb-ssd-windows-11-home-m515da-bq722ws-laptop/p/itm5c77300ec1eb8?pid=COMGCRFYZF5TK7ZU&lid=LSTCOMGCRFYZF5TK7ZUSWT9I4&marketplace=FLIPKART&q=laptops&store=6bo%2Fb5g&srno=s_1_5&otracker=AS_Query_TrendingAutoSuggest_1_0_na_na_na&otracker1=AS_Query_TrendingAutoSuggest_1_0_na_na_na&fm=organic&iid=730c83bd-ec65-494c-88c1-7bc7fbfc7561.COMGCRFYZF5TK7ZU.SEARCH&ppt=None&ppn=None&ssid=yw3q8glvi80000001663391164155&qH=c06ea84a1e3dc3c6
29,ASUS,AMD,4.3,8 MB,2,256 GB,,16 GB,AMD Radeon Radeon Graphics,,39.62 cm (15.6 Inch),1920 x 1080 Pixels,3 Cell,1.80 Kg,"₹69,990",https://www.flipkart.com/asus-vivobook-k15-oled-ryzen-7-octa-core-5700u-16-gb-512-gb-ssd-windows-11-home-km513ua-l712ws-thin-light-laptop/p/itmd737de314823c?pid=COMGB6DZQJHHSESY&lid=LSTCOMGB6DZQJHHSESYC1WZQS&marketplace=FLIPKART&q=laptops&store=6bo%2Fb5g&srno=s_1_6&otracker=AS_Query_TrendingAutoSuggest_1_0_na_na_na&otracker1=AS_Query_TrendingAutoSuggest_1_0_na_na_na&fm=organic&iid=730c83bd-ec65-494c-88c1-7bc7fbfc7561.COMGB6DZQJHHSESY.SEARCH&ppt=None&ppn=None&ssid=yw3q8glvi80000001663391164155&qH=c06ea84a1e3dc3c6
30,ASUS,Intel,1.1 GHz upto max turbo frequency at 2.8 Ghz,4 MB,4,512 GB,,4 GB,Intel Integrated UHD,,35.56 cm (14 inch),1366 x 768 Pixel,3 cell,1.60 kg,"₹25,990",https://www.flipkart.com/asus-vivobook-14-2021-celeron-dual-core-4-gb-256-gb-ssd-windows-11-home-x415ma-bv011w-thin-light-laptop/p/itm8f9bebd99f5c0?pid=COMGBH774UHWUFQF&lid=LSTCOMGBH774UHWUFQFHH2XKA&marketplace=FLIPKART&q=laptops&store=6bo%2Fb5g&srno=s_1_7&otracker=AS_Query_TrendingAutoSuggest_1_0_na_na_na&otracker1=AS_Query_TrendingAutoSuggest_1_0_na_na_na&fm=organic&iid=730c83bd-ec65-494c-88c1-7bc7fbfc7561.COMGBH774UHWUFQF.SEARCH&ppt=None&ppn=None&ssid=yw3q8glvi80000001663391164155&qH=c06ea84a1e3dc3c6
31,ASUS,Intel,"Base Frequency 2.4 GHz, Max Turbo Frequency at 4.1 GHz",4 MB,2,512 GB,,8 GB,NVIDIA GeForce GTX 1650,,39.62 cm (15.6 inch),1920 x 1080 Pixels,2 cell,2.30 kg kg,"₹55,990",https://www.flipkart.com/asus-tuf-gaming-f15-core-i5-10th-gen-8-gb-512-gb-ssd-windows-11-home-4-graphics-nvidia-geforce-gtx-1650-144-hz-fx506lhb-hn358w-laptop/p/itm4d930ab779cbd?pid=COMGF9Z7JYCFBKAP&lid=LSTCOMGF9Z7JYCFBKAPXYET0O&marketplace=FLIPKART&q=laptops&store=6bo%2Fb5g&srno=s_1_8&otracker=AS_Query_TrendingAutoSuggest_1_0_na_na_na&otracker1=AS_Query_TrendingAutoSuggest_1_0_na_na_na&fm=organic&iid=730c83bd-ec65-494c-88c1-7bc7fbfc7561.COMGF9Z7JYCFBKAP.SEARCH&ppt=None&ppn=None&ssid=yw3q8glvi80000001663391164155&qH=c06ea84a1e3dc3c6
32,ASUS,Intel,1.20 Ghz. Turbo Upto 3.4 Ghz.,24 MB,2,512 GB,,8 GB,Intel Integrated,,39.62 cm (15.6 inch),1080*1920 pixel,3 cell,1.6 kg,"₹32,790",https://www.flipkart.com/asus-core-i3-10th-gen-8-gb-512-gb-ssd-windows-11-home-x515ja-ej382ws-laptop/p/itma0bbda903c72b?pid=COMGHHWNHHPAGR9U&lid=LSTCOMGHHWNHHPAGR9UFHHAEN&marketplace=FLIPKART&q=laptops&store=6bo%2Fb5g&srno=s_1_9&otracker=AS_Query_TrendingAutoSuggest_1_0_na_na_na&otracker1=AS_Query_TrendingAutoSuggest_1_0_na_na_na&fm=organic&iid=730c83bd-ec65-494c-88c1-7bc7fbfc7561.COMGHHWNHHPAGR9U.SEARCH&ppt=None&ppn=None&ssid=yw3q8glvi80000001663391164155&qH=c06ea84a1e3dc3c6
33,ASUS,Intel,1.20 Ghz. Turbo Upto 3.4 Ghz.,6M,6,512 GB,,8 GB,Intel Integrated UHD,,35.56 cm (14 inch),1366 x 768 pixel,3 cell,1.8 kg,"₹29,990",https://www.flipkart.com/asus-vivobook-14-core-i3-10th-gen-8-gb-1-tb-hdd-windows-11-home-x415ja-bv302ws-laptop/p/itm96433aca49a4c?pid=COMGHQSCQYVHAHVV&lid=LSTCOMGHQSCQYVHAHVVAMWEEO&marketplace=FLIPKART&q=laptops&store=6bo%2Fb5g&srno=s_1_10&otracker=AS_Query_TrendingAutoSuggest_1_0_na_na_na&otracker1=AS_Query_TrendingAutoSuggest_1_0_na_na_na&fm=organic&iid=730c83bd-ec65-494c-88c1-7bc7fbfc7561.COMGHQSCQYVHAHVV.SEARCH&ppt=None&ppn=None&ssid=yw3q8glvi80000001663391164155&qH=c06ea84a1e3dc3c6
34,ASUS,Intel,Base Frequency 3.0 GHz Max Turbo Frequency at 4.7 GHz,6,8,512 GB,,8 GB,Intel Integrated UHD,,39.62 cm (15.6 inch),1920 x 1080 pixel,4 cell,1.50 kg,"₹32,890",https://www.flipkart.com/asus-vivobook-15-core-i3-10th-gen-8-gb-512-gb-ssd-windows-11-home-x515ja-ej382ws-x515ja-laptop/p/itm46cefd99c9a5e?pid=COMGHXFZX7SGP39V&lid=LSTCOMGHXFZX7SGP39VK4PLQK&marketplace=FLIPKART&q=laptops&store=6bo%2Fb5g&srno=s_1_11&otracker=AS_Query_TrendingAutoSuggest_1_0_na_na_na&otracker1=AS_Query_TrendingAutoSuggest_1_0_na_na_na&fm=organic&iid=730c83bd-ec65-494c-88c1-7bc7fbfc7561.COMGHXFZX7SGP39V.SEARCH&ppt=None&ppn=None&ssid=yw3q8glvi80000001663391164155&qH=c06ea84a1e3dc3c6
35,ASUS,Intel,"3.00 GHz, Max Turbo Boost Frequency Up to 4.10 GHz",8M,6,512 GB,,16 GB,Intel Integrated Iris Xe,,35.56 cm (14 inch),2880 x 1800 Pixels,4 Cell,1.40 kg,"₹94,990",https://www.flipkart.com/asus-vivobook-s14-oled-2022-intel-evo-core-i7-12th-gen-16-gb-512-gb-ssd-windows-11-home-s3402za-km702ws-thin-light-laptop/p/itmd1086591ca87c?pid=COMGCG2GCTYUYF4N&lid=LSTCOMGCG2GCTYUYF4NFRNNAW&marketplace=FLIPKART&q=laptops&store=6bo%2Fb5g&srno=s_1_12&otracker=AS_Query_TrendingAutoSuggest_1_0_na_na_na&otracker1=AS_Query_TrendingAutoSuggest_1_0_na_na_na&fm=organic&iid=730c83bd-ec65-494c-88c1-7bc7fbfc7561.COMGCG2GCTYUYF4N.SEARCH&ppt=None&ppn=None&ssid=yw3q8glvi80000001663391164155&qH=c06ea84a1e3dc3c6
36,ASUS,Intel,1.0 GHz upto max turbo frequency at 3.6 Ghz,6M,2,512 GB,,8 GB,Intel Integrated UHD,,35.56 cm (14 inch),1920 x 1080 Pixel,2,1.80 kg,"₹41,990",https://www.flipkart.com/asus-vivobook-ultra-14-2022-core-i3-11th-gen-8-gb-512-gb-ssd-windows-11-home-x413ea-eb321ws-thin-light-laptop/p/itm6615e01e4f7d0?pid=COMG87FFW6EN4SUY&lid=LSTCOMG87FFW6EN4SUYAIB0DZ&marketplace=FLIPKART&q=laptops&store=6bo%2Fb5g&srno=s_1_13&otracker=AS_Query_TrendingAutoSuggest_1_0_na_na_na&otracker1=AS_Query_TrendingAutoSuggest_1_0_na_na_na&fm=organic&iid=730c83bd-ec65-494c-88c1-7bc7fbfc7561.COMG87FFW6EN4SUY.SEARCH&ppt=None&ppn=None&ssid=yw3q8glvi80000001663391164155&qH=c06ea84a1e3dc3c6
37,ASUS,Intel,2.4 GHz with Turbo Boost Upto 4.2 GHz,12,8,256 GB,,8 GB,Intel Integrated UHD,,39.62 cm (15.6 inch),1920 x 1080 Pixel,2,1.40 kg,"₹43,990",https://www.flipkart.com/asus-vivobook-15-2022-core-i5-10th-gen-8-gb-512-gb-ssd-windows-11-home-x515ja-ej562ws-x515ja-ej592ws-thin-light-laptop/p/itm2e65b7fbcb497?pid=COMG87FF2SD7ZHK6&lid=LSTCOMG87FF2SD7ZHK6CCCXCI&marketplace=FLIPKART&q=laptops&store=6bo%2Fb5g&srno=s_1_14&otracker=AS_Query_TrendingAutoSuggest_1_0_na_na_na&otracker1=AS_Query_TrendingAutoSuggest_1_0_na_na_na&fm=organic&iid=730c83bd-ec65-494c-88c1-7bc7fbfc7561.COMG87FF2SD7ZHK6.SEARCH&ppt=None&ppn=None&ssid=yw3q8glvi80000001663391164155&qH=c06ea84a1e3dc3c6
38,ASUS,Intel,"3.00 GHz, Max Turbo Boost Frequency Up to 4.10 GHz",16 MB,2,512 GB,,16 GB,Intel Integrated Iris Xe,,35.56 cm (14 inch),1920 x 1080 Pixel,3 cell,1.80 kg,"₹55,990",https://www.flipkart.com/asus-vivobook-ultra-14-2021-core-i5-11th-gen-16-gb-512-gb-ssd-windows-11-home-x413ea-eb533ws-thin-light-laptop/p/itm8290548fba964?pid=COMG87FFMMY7KSHH&lid=LSTCOMG87FFMMY7KSHHR7M3PU&marketplace=FLIPKART&q=laptops&store=6bo%2Fb5g&srno=s_1_15&otracker=AS_Query_TrendingAutoSuggest_1_0_na_na_na&otracker1=AS_Query_TrendingAutoSuggest_1_0_na_na_na&fm=organic&iid=730c83bd-ec65-494c-88c1-7bc7fbfc7561.COMG87FFMMY7KSHH.SEARCH&ppt=None&ppn=None&ssid=yw3q8glvi80000001663391164155&qH=c06ea84a1e3dc3c6
39,ASUS,Intel,Max Boost Frequency Upto 4.2 GHz,6 MB,2,512 GB,,8 GB,Intel Integrated UHD,,39.62 cm (15.6 inch),1920 x 1080 Pixel,3 cell,2.60 kg,"₹42,990",https://www.flipkart.com/asus-vivobook-k15-oled-2022-core-i3-11th-gen-8-gb-256-gb-ssd-windows-11-home-k513ea-l302ws-thin-light-laptop/p/itmb768764e55ddd?pid=COMG87FFTTGFCKBS&lid=LSTCOMG87FFTTGFCKBS21FXQR&marketplace=FLIPKART&q=laptops&store=6bo%2Fb5g&srno=s_1_16&otracker=AS_Query_TrendingAutoSuggest_1_0_na_na_na&otracker1=AS_Query_TrendingAutoSuggest_1_0_na_na_na&fm=organic&iid=730c83bd-ec65-494c-88c1-7bc7fbfc7561.COMG87FFTTGFCKBS.SEARCH&ppt=None&ppn=None&ssid=yw3q8glvi80000001663391164155&qH=c06ea84a1e3dc3c6
40,ASUS,AMD,3.3 Ghz. Turbo Upto 4.2 Ghz.,8,,512 GB,,16 GB,NVIDIA GeForce RTX 3050,,43.94 cm (17.3 inch),1920 x 1080 Pixels,,1.8 kg,"₹79,990",https://www.flipkart.com/asus-tuf-gaming-a17-ryzen-7-octa-core-4800h-16-gb-512-gb-ssd-windows-10-home-4-graphics-nvidia-geforce-rtx-3050-144-hz-fa706ic-hx003t-laptop/p/itmccc79bbd17e07?pid=COMG8N5PFPCX9Z3J&lid=LSTCOMG8N5PFPCX9Z3JGKCEFC&marketplace=FLIPKART&q=laptops&store=6bo%2Fb5g&srno=s_1_17&otracker=AS_Query_TrendingAutoSuggest_1_0_na_na_na&otracker1=AS_Query_TrendingAutoSuggest_1_0_na_na_na&fm=organic&iid=730c83bd-ec65-494c-88c1-7bc7fbfc7561.COMG8N5PFPCX9Z3J.SEARCH&ppt=None&ppn=None&ssid=yw3q8glvi80000001663391164155&qH=c06ea84a1e3dc3c6
41,ASUS,AMD,3.0 Ghz With Turbo Upto 4.10,6,,512 GB,,16 GB,AMD Radeon AMD RADEON,,40.64 cm (16 inch),1920 x 1200 pixel,,1.8 kg,"₹59,990",https://www.flipkart.com/asus-vivobook-16x-ryzen-5-hexa-core-r5-5600h-16-gb-512-gb-ssd-windows-11-home-m1603qa-mb511ws-laptop/p/itm2b26182c33ac7?pid=COMGHFCKYYXJZE3G&lid=LSTCOMGHFCKYYXJZE3GHIRDLR&marketplace=FLIPKART&q=laptops&store=6bo%2Fb5g&srno=s_1_18&otracker=AS_Query_TrendingAutoSuggest_1_0_na_na_na&otracker1=AS_Query_TrendingAutoSuggest_1_0_na_na_na&fm=organic&iid=730c83bd-ec65-494c-88c1-7bc7fbfc7561.COMGHFCKYYXJZE3G.SEARCH&ppt=None&ppn=None&ssid=yw3q8glvi80000001663391164155&qH=c06ea84a1e3dc3c6
42,ASUS,Intel,2.9 GHz with Turbo Boost Upto 4.2 GHz,6,,256 GB,,8 GB,Intel Integrated Intel UHD,,39.62 cm (15.6 inch),1920 x 1080$$pixels pixel,,2.10 Kg,"₹45,990",https://www.flipkart.com/asus-vivobook-ultra-k15-core-i3-11th-gen-8-gb-512-gb-ssd-windows-11-home-k513ea-l313ws-laptop/p/itm8a7c362bf195a?pid=COMGA22GGPFGPFZP&lid=LSTCOMGA22GGPFGPFZPFJNF0B&marketplace=FLIPKART&q=laptops&store=6bo%2Fb5g&srno=s_1_19&otracker=AS_Query_TrendingAutoSuggest_1_0_na_na_na&otracker1=AS_Query_TrendingAutoSuggest_1_0_na_na_na&fm=organic&iid=730c83bd-ec65-494c-88c1-7bc7fbfc7561.COMGA22GGPFGPFZP.SEARCH&ppt=None&ppn=None&ssid=yw3q8glvi80000001663391164155&qH=c06ea84a1e3dc3c6
43,ASUS,AMD,4.1,8M,,512 GB,,8 GB,NVIDIA GeForce GTX 1650,,39.62 cm (15.6 inch),1920 x 1080 Pixels,,1.60 Kg,"₹76,990",https://www.flipkart.com/asus-rog-strix-g15-ryzen-7-octa-core-4800h-8-gb-512-gb-ssd-windows-10-home-4-graphics-nvidia-geforce-gtx-1650-144-hz-g513ih-hn086t-gaming-laptop/p/itm2b93a4b3d7a76?pid=COMG5C28GFMZGXBR&lid=LSTCOMG5C28GFMZGXBR4SKK9R&marketplace=FLIPKART&q=laptops&store=6bo%2Fb5g&srno=s_1_20&otracker=AS_Query_TrendingAutoSuggest_1_0_na_na_na&otracker1=AS_Query_TrendingAutoSuggest_1_0_na_na_na&fm=organic&iid=730c83bd-ec65-494c-88c1-7bc7fbfc7561.COMG5C28GFMZGXBR.SEARCH&ppt=None&ppn=None&ssid=yw3q8glvi80000001663391164155&qH=c06ea84a1e3dc3c6
44,ASUS,Intel,4.1,6M,,512 GB,,8 GB,Intel Integrated UHD Graphics,,35.56 cm (14 Inch),1920 x 1080 Pixels,,1.80 Kg,"₹35,990",https://www.flipkart.com/asus-vivobook-core-i3-11th-gen-8-gb-256-gb-ssd-windows-11-home-x415ea-ek342ws-thin-light-laptop/p/itm1d10af79cb173?pid=COMGBHPFAFAWGKHE&lid=LSTCOMGBHPFAFAWGKHEZLNX0L&marketplace=FLIPKART&q=laptops&store=6bo%2Fb5g&srno=s_1_21&otracker=AS_Query_TrendingAutoSuggest_1_0_na_na_na&otracker1=AS_Query_TrendingAutoSuggest_1_0_na_na_na&fm=organic&iid=730c83bd-ec65-494c-88c1-7bc7fbfc7561.COMGBHPFAFAWGKHE.SEARCH&ppt=None&ppn=None&ssid=yw3q8glvi80000001663391164155&qH=c06ea84a1e3dc3c6
45,ASUS,Intel,2.4 GHz with Turbo Boost Upto 4.2 GHz,,,512 GB,,8 GB,Intel Integrated UHD Graphics,,39.62 cm (15.6 Inch),1920 x 1080 Pixels,,1.40 kg,"₹42,990",https://www.flipkart.com/asus-vivobook-15-touch-core-i3-11th-gen-8-gb-512-gb-ssd-windows-11-home-x515ea-ez311ws-thin-light-laptop/p/itm9280b4ca3969f?pid=COMGEFDUVGNNCZVU&lid=LSTCOMGEFDUVGNNCZVUM0H7GM&marketplace=FLIPKART&q=laptops&store=6bo%2Fb5g&srno=s_1_22&otracker=AS_Query_TrendingAutoSuggest_1_0_na_na_na&otracker1=AS_Query_TrendingAutoSuggest_1_0_na_na_na&fm=organic&iid=730c83bd-ec65-494c-88c1-7bc7fbfc7561.COMGEFDUVGNNCZVU.SEARCH&ppt=None&ppn=None&ssid=yw3q8glvi80000001663391164155&qH=c06ea84a1e3dc3c6
46,ASUS,Intel,"3.00 GHz, Max Turbo Boost Frequency Up to 4.10 GHz",,,,,16 GB,Intel Integrated Iris Xe,,35.56 cm (14 inch),1920 x 1080 Pixel,,1.80 kg,"₹55,990",https://www.flipkart.com/asus-vivobook-ultra-14-2022-core-i5-11th-gen-16-gb-512-gb-ssd-windows-11-home-x413ea-eb532ws-thin-light-laptop/p/itmf6445e8ebf133?pid=COMG87FFYEZW7ZRC&lid=LSTCOMG87FFYEZW7ZRCPD6GGV&marketplace=FLIPKART&q=laptops&store=6bo%2Fb5g&srno=s_1_23&otracker=AS_Query_TrendingAutoSuggest_1_0_na_na_na&otracker1=AS_Query_TrendingAutoSuggest_1_0_na_na_na&fm=organic&iid=730c83bd-ec65-494c-88c1-7bc7fbfc7561.COMG87FFYEZW7ZRC.SEARCH&ppt=None&ppn=None&ssid=yw3q8glvi80000001663391164155&qH=c06ea84a1e3dc3c6
47,ASUS,Intel,,,,,,8 GB,Intel Integrated UHD,,39.62 cm (15.6 inch),1920 x 1080 Pixel,,,"₹45,990",https://www.flipkart.com/asus-vivobook-k15-oled-2022-core-i3-11th-gen-8-gb-512-gb-ssd-windows-11-home-k513ea-l312ws-thin-light-laptop/p/itm43432ba02fc87?pid=COMG87FFHXJHKNE8&lid=LSTCOMG87FFHXJHKNE823JHOH&marketplace=FLIPKART&q=laptops&store=6bo%2Fb5g&srno=s_1_24&otracker=AS_Query_TrendingAutoSuggest_1_0_na_na_na&otracker1=AS_Query_TrendingAutoSuggest_1_0_na_na_na&fm=organic&iid=730c83bd-ec65-494c-88c1-7bc7fbfc7561.COMG87FFHXJHKNE8.SEARCH&ppt=None&ppn=None&ssid=yw3q8glvi80000001663391164155&qH=c06ea84a1e3dc3c6
48,DELL,AMD,3.2,4,2,256 GB,1 TB,8 GB,AMD Radeon Radeon Graphics,4 GB,39.62 cm (15.6 Inch),1920 x 1080 Pixels,3,1.68 Kg,"₹31,990",https://www.flipkart.com/dell-inspiron-athlon-dual-core-3050u-8-gb-256-gb-ssd-windows-11-home-3525-notebook/p/itm96a6101fa53ff?pid=COMGCYF9EZKKPEWD&lid=LSTCOMGCYF9EZKKPEWDXSSFWJ&marketplace=FLIPKART&q=laptops&store=6bo%2Fb5g&srno=s_1_1&otracker=AS_Query_TrendingAutoSuggest_1_0_na_na_na&otracker1=AS_Query_TrendingAutoSuggest_1_0_na_na_na&fm=organic&iid=dc2137cd-fda8-4c52-852d-5e5be9a32cac.COMGCYF9EZKKPEWD.SEARCH&ppt=None&ppn=None&ssid=kg8031n77k0000001663391307833&qH=c06ea84a1e3dc3c6
49,DELL,AMD,3.2 GHz upto max turbo frequency at 4.4 Ghz,16,8,512 GB,1 TB,16 GB,NVIDIA GeForce RTX 3050,,39.62 cm (15.6 inch),1920 x 1080 Pixel,3 cell,2.57 kg,"₹36,990",https://www.flipkart.com/dell-vostro-core-i3-11th-gen-8-gb-256-gb-ssd-windows-10-home-3400-thin-light-laptop/p/itmdbe71fb69fada?pid=COMGBUKJRGHNGGZE&lid=LSTCOMGBUKJRGHNGGZEJ9QOYM&marketplace=FLIPKART&q=laptops&store=6bo%2Fb5g&srno=s_1_2&otracker=AS_Query_TrendingAutoSuggest_1_0_na_na_na&otracker1=AS_Query_TrendingAutoSuggest_1_0_na_na_na&fm=organic&iid=dc2137cd-fda8-4c52-852d-5e5be9a32cac.COMGBUKJRGHNGGZE.SEARCH&ppt=None&ppn=None&ssid=kg8031n77k0000001663391307833&qH=c06ea84a1e3dc3c6
50,DELL,Intel,4.1,6,2,256 GB,1 TB,8 GB,Intel Integrated UHD Graphics,,39.62 cm (15.6 inch),1920 x 1080 pixel,3,1.8 kg,"₹75,990",https://www.flipkart.com/dell-ryzen-5-hexa-core-5600h-16-gb-512-gb-ssd-windows-11-home-4-graphics-nvidia-geforce-rtx-3050-120-hz-g15-5515-gaming-laptop/p/itmdcfbf0112dca1?pid=COMGCNDPFGGYSU3U&lid=LSTCOMGCNDPFGGYSU3U8JBUJ2&marketplace=FLIPKART&q=laptops&store=6bo%2Fb5g&srno=s_1_3&otracker=AS_Query_TrendingAutoSuggest_1_0_na_na_na&otracker1=AS_Query_TrendingAutoSuggest_1_0_na_na_na&fm=organic&iid=dc2137cd-fda8-4c52-852d-5e5be9a32cac.COMGCNDPFGGYSU3U.SEARCH&ppt=None&ppn=None&ssid=kg8031n77k0000001663391307833&qH=c06ea84a1e3dc3c6
51,DELL,AMD,2.6 GHz upto max turbo frequency at 3.5 Ghz,4,2,256 GB,,8 GB,AMD Radeon AMD,,39.62 cm (15.6 inch),1920 x 1080 Pixel,3 cell,1.8 kg,"₹43,990",https://www.flipkart.com/dell-inspiron-core-i3-11th-gen-8-gb-1-tb-hdd-256-gb-ssd-windows-11-home-3511-inspiron-3000-thin-light-laptop/p/itmb93d2a1e224d0?pid=COMGAD2B4QMZTWKB&lid=LSTCOMGAD2B4QMZTWKBLSB4SW&marketplace=FLIPKART&q=laptops&store=6bo%2Fb5g&srno=s_1_4&otracker=AS_Query_TrendingAutoSuggest_1_0_na_na_na&otracker1=AS_Query_TrendingAutoSuggest_1_0_na_na_na&fm=organic&iid=dc2137cd-fda8-4c52-852d-5e5be9a32cac.COMGAD2B4QMZTWKB.SEARCH&ppt=None&ppn=None&ssid=kg8031n77k0000001663391307833&qH=c06ea84a1e3dc3c6
52,DELL,AMD,3.5,4,2,512 GB,,8 GB,AMD Radeon Radeon Graphics,,39.62 cm (15.6 Inch),1920 x 1080 Pixels,3,1.8 Kg,"₹40,690",https://www.flipkart.com/dell-ryzen-3-dual-core-3250u-8-gb-1-tb-hdd-256-gb-ssd-windows-11-home-inspiron-3515-thin-light-laptop/p/itmd45c13858a283?pid=COMGC3HZZXDJWCDT&lid=LSTCOMGC3HZZXDJWCDTDBPNOP&marketplace=FLIPKART&q=laptops&store=6bo%2Fb5g&srno=s_1_5&otracker=AS_Query_TrendingAutoSuggest_1_0_na_na_na&otracker1=AS_Query_TrendingAutoSuggest_1_0_na_na_na&fm=organic&iid=dc2137cd-fda8-4c52-852d-5e5be9a32cac.COMGC3HZZXDJWCDT.SEARCH&ppt=None&ppn=None&ssid=kg8031n77k0000001663391307833&qH=c06ea84a1e3dc3c6
53,DELL,Intel,1.7 GHz Upto Max Turbo Frequency at 4.1 GHz,6 MB,4,256 GB,,8 GB,Intel Integrated UHD,,38.0 cm (14.96 Inch),1920 x 1080 Pixel,3 Cell,1.8 kg,"₹40,590",https://www.flipkart.com/dell-inspiron-ryzen-3-dual-core-3250u-8-gb-512-gb-ssd-windows-11-home-3515-notebook/p/itmd6bf37ed6662a?pid=COMGD436FBZYMZRS&lid=LSTCOMGD436FBZYMZRSSJHVWU&marketplace=FLIPKART&q=laptops&store=6bo%2Fb5g&srno=s_1_6&otracker=AS_Query_TrendingAutoSuggest_1_0_na_na_na&otracker1=AS_Query_TrendingAutoSuggest_1_0_na_na_na&fm=organic&iid=dc2137cd-fda8-4c52-852d-5e5be9a32cac.COMGD436FBZYMZRS.SEARCH&ppt=None&ppn=None&ssid=kg8031n77k0000001663391307833&qH=c06ea84a1e3dc3c6
54,DELL,Intel,3.1,4,4,256 GB,,8 GB,Intel Integrated UHD Graphics,,39.62 cm (15.6 Inch),1920 x 1080 Pixels,3,1.61 Kg,"₹39,490",https://www.flipkart.com/dell-inspiron-core-i3-11th-gen-8-gb-256-gb-ssd-windows-11-home-3511-thin-light-laptop/p/itmcc4420f399faf?pid=COMG9NYDK7VGYKU4&lid=LSTCOMG9NYDK7VGYKU4N0GKFO&marketplace=FLIPKART&q=laptops&store=6bo%2Fb5g&srno=s_1_7&otracker=AS_Query_TrendingAutoSuggest_1_0_na_na_na&otracker1=AS_Query_TrendingAutoSuggest_1_0_na_na_na&fm=organic&iid=dc2137cd-fda8-4c52-852d-5e5be9a32cac.COMG9NYDK7VGYKU4.SEARCH&ppt=None&ppn=None&ssid=kg8031n77k0000001663391307833&qH=c06ea84a1e3dc3c6
55,DELL,AMD,2.7 GHz upto max turbo frequency at 4.1 Ghz,8,4,512 GB,,8 GB,AMD Radeon AMD,,35.56 cm (14 Inch),1920 x 1080 Pixel,3,1.48 Kg,"₹32,990",https://www.flipkart.com/dell-inspiron-pentium-silver-8-gb-256-gb-ssd-windows-11-home-3521-notebook/p/itm8a3845e0d7c3d?pid=COMGCYF92HFJXHTU&lid=LSTCOMGCYF92HFJXHTUAWJIWY&marketplace=FLIPKART&q=laptops&store=6bo%2Fb5g&srno=s_1_8&otracker=AS_Query_TrendingAutoSuggest_1_0_na_na_na&otracker1=AS_Query_TrendingAutoSuggest_1_0_na_na_na&fm=organic&iid=dc2137cd-fda8-4c52-852d-5e5be9a32cac.COMGCYF92HFJXHTU.SEARCH&ppt=None&ppn=None&ssid=kg8031n77k0000001663391307833&qH=c06ea84a1e3dc3c6
56,DELL,Intel,2.4 GHz upto max turbo frequency at 4.2 Ghz,8,2,512 GB,,8 GB,Intel Integrated UHD Graphics,,35.56 cm (14 inch),1920 x 1080 Pixel,3,1.48 Kg,"₹39,990",https://www.flipkart.com/dell-ryzen-3-quad-core-5425u-8-gb-512-gb-ssd-windows-11-home-vostro-3425-thin-light-laptop/p/itmd0337f7f60741?pid=COMGF478YE3YYPC6&lid=LSTCOMGF478YE3YYPC6HKHQLK&marketplace=FLIPKART&q=laptops&store=6bo%2Fb5g&srno=s_1_9&otracker=AS_Query_TrendingAutoSuggest_1_0_na_na_na&otracker1=AS_Query_TrendingAutoSuggest_1_0_na_na_na&fm=organic&iid=dc2137cd-fda8-4c52-852d-5e5be9a32cac.COMGF478YE3YYPC6.SEARCH&ppt=None&ppn=None&ssid=kg8031n77k0000001663391307833&qH=c06ea84a1e3dc3c6
57,DELL,Intel,"Base Frequency 1.7 GHz, Max Turbo Frequency at 4.1 GHz",6 MB,4,512 GB,,8 GB,Intel Integrated UHD,,39.62 cm (15.6 inch),1920 x 1080 Pixels,3 Cell,1.8 kg,"₹53,090",https://www.flipkart.com/dell-core-i5-11th-gen-8-gb-512-gb-ssd-windows-11-home-vostro-3420-notebook/p/itm42d515343ecd6?pid=COMGFPEHHGMYMH6N&lid=LSTCOMGFPEHHGMYMH6NU3UNQQ&marketplace=FLIPKART&q=laptops&store=6bo%2Fb5g&srno=s_1_10&otracker=AS_Query_TrendingAutoSuggest_1_0_na_na_na&otracker1=AS_Query_TrendingAutoSuggest_1_0_na_na_na&fm=organic&iid=dc2137cd-fda8-4c52-852d-5e5be9a32cac.COMGFPEHHGMYMH6N.SEARCH&ppt=None&ppn=None&ssid=kg8031n77k0000001663391307833&qH=c06ea84a1e3dc3c6
58,DELL,AMD,2.7 GHz upto max turbo frequency at 4.1 Ghz,8,4,256 GB,,8 GB,AMD Radeon AMD,,35.56 cm (14 Inch),1920 x 1080 Pixel,4,1.48 Kg,"₹42,999",https://www.flipkart.com/dell-inspiron-core-i3-11th-gen-8-gb-512-gb-ssd-windows-11-home-3511-thin-light-laptop/p/itma07f53e68b4af?pid=COMGF478WJG7FDQQ&lid=LSTCOMGF478WJG7FDQQENSZRA&marketplace=FLIPKART&q=laptops&store=6bo%2Fb5g&srno=s_1_11&otracker=AS_Query_TrendingAutoSuggest_1_0_na_na_na&otracker1=AS_Query_TrendingAutoSuggest_1_0_na_na_na&fm=organic&iid=dc2137cd-fda8-4c52-852d-5e5be9a32cac.COMGF478WJG7FDQQ.SEARCH&ppt=None&ppn=None&ssid=kg8031n77k0000001663391307833&qH=c06ea84a1e3dc3c6
59,DELL,AMD,2.7 GHz upto max turbo frequency at 4.1 Ghz,8,10,512 GB,,8 GB,AMD Radeon Radeon Graphics,,39.62 cm (15.6 Inch),1920 x 1080 Pixels,Upto 7 hours,1.68 Kg,"₹35,990",https://www.flipkart.com/dell-ryzen-3-quad-core-5425u-8-gb-256-gb-ssd-windows-11-home-vostro-3425-thin-light-laptop/p/itm87a7815a7be2d?pid=COMGF478GJ9HHZGK&lid=LSTCOMGF478GJ9HHZGKLHBBX4&marketplace=FLIPKART&q=laptops&store=6bo%2Fb5g&srno=s_1_12&otracker=AS_Query_TrendingAutoSuggest_1_0_na_na_na&otracker1=AS_Query_TrendingAutoSuggest_1_0_na_na_na&fm=organic&iid=dc2137cd-fda8-4c52-852d-5e5be9a32cac.COMGF478GJ9HHZGK.SEARCH&ppt=None&ppn=None&ssid=kg8031n77k0000001663391307833&qH=c06ea84a1e3dc3c6
60,DELL,Intel,1.2 GHz to max turbo frequency at 4.4 Ghz,12,2,512 GB,,8 GB,Intel Integrated UHD,,40.64 cm (16 Inch),1920 x 1080 Pixel,4 Cell,1.91 kg,"₹41,990",https://www.flipkart.com/dell-ryzen-3-quad-core-5425u-8-gb-512-gb-ssd-windows-11-home-inspiron-3525-thin-light-laptop/p/itm50e4a401de3f8?pid=COMGF3B77Q3Y5RRQ&lid=LSTCOMGF3B77Q3Y5RRQISKMQD&marketplace=FLIPKART&q=laptops&store=6bo%2Fb5g&srno=s_1_13&otracker=AS_Query_TrendingAutoSuggest_1_0_na_na_na&otracker1=AS_Query_TrendingAutoSuggest_1_0_na_na_na&fm=organic&iid=dc2137cd-fda8-4c52-852d-5e5be9a32cac.COMGF3B77Q3Y5RRQ.SEARCH&ppt=None&ppn=None&ssid=kg8031n77k0000001663391307833&qH=c06ea84a1e3dc3c6
61,DELL,Intel,1.2 GHz Upto Max Turbo Frequency at 3.4 GHz,4,2,512 GB,,8 GB,Intel Integrated UHD,,39.62 cm (15.6 inch),1920 x 1080 Pixel,3 Cell,1.8 Kg,"₹64,490",https://www.flipkart.com/dell-core-i5-12th-gen-8-gb-512-gb-ssd-windows-11-home-vostro-5620-laptop/p/itme610035789450?pid=COMGFHHC3XAVXZWW&lid=LSTCOMGFHHC3XAVXZWWJUIKHU&marketplace=FLIPKART&q=laptops&store=6bo%2Fb5g&srno=s_1_14&otracker=AS_Query_TrendingAutoSuggest_1_0_na_na_na&otracker1=AS_Query_TrendingAutoSuggest_1_0_na_na_na&fm=organic&iid=dc2137cd-fda8-4c52-852d-5e5be9a32cac.COMGFHHC3XAVXZWW.SEARCH&ppt=None&ppn=None&ssid=kg8031n77k0000001663391307833&qH=c06ea84a1e3dc3c6
62,DELL,Intel,4.2,8,6,512 GB,,8 GB,Intel Integrated Iris Xe Graphics,,35.56 cm (14 Inch),1920 x 1080 Pixels,3,1.59 Kg,"₹42,290",https://www.flipkart.com/dell-vostro-core-i3-10th-gen-8-gb-512-gb-ssd-windows-11-home-3510-icl-thin-light-laptop/p/itmeab0124b49873?pid=COMGBP5FDEBNMTGG&lid=LSTCOMGBP5FDEBNMTGGQNYFZH&marketplace=FLIPKART&q=laptops&store=6bo%2Fb5g&srno=s_1_15&otracker=AS_Query_TrendingAutoSuggest_1_0_na_na_na&otracker1=AS_Query_TrendingAutoSuggest_1_0_na_na_na&fm=organic&iid=dc2137cd-fda8-4c52-852d-5e5be9a32cac.COMGBP5FDEBNMTGG.SEARCH&ppt=None&ppn=None&ssid=kg8031n77k0000001663391307833&qH=c06ea84a1e3dc3c6
63,DELL,AMD,2.3 GHz to max turbo frequency at 4.3 Ghz,16,6,512 GB,,8 GB,AMD Radeon AMD,,40.64 cm (16 Inch),1920 x 1080 Pixel,4 Cell,1.91 kg,"₹52,290",https://www.flipkart.com/dell-vostro-core-i5-11th-gen-8-gb-512-gb-ssd-windows-11-home-3400-notebook/p/itmafd6af8bdd111?pid=COMGC3HZSD5563YC&lid=LSTCOMGC3HZSD5563YCU5RLKX&marketplace=FLIPKART&q=laptops&store=6bo%2Fb5g&srno=s_1_16&otracker=AS_Query_TrendingAutoSuggest_1_0_na_na_na&otracker1=AS_Query_TrendingAutoSuggest_1_0_na_na_na&fm=organic&iid=dc2137cd-fda8-4c52-852d-5e5be9a32cac.COMGC3HZSD5563YC.SEARCH&ppt=None&ppn=None&ssid=kg8031n77k0000001663391307833&qH=c06ea84a1e3dc3c6
64,DELL,Intel,0.9 GHz upto max turbo frequency at 4.4 Ghz,10,4,512 GB,,8 GB,Intel Integrated UHD Graphics,,35.56 cm (14 inch),1920 x 1080 Pixel,4,1.57 Kg,"₹59,990",https://www.flipkart.com/dell-ryzen-5-hexa-core-5625u-8-gb-512-gb-ssd-windows-11-home-vostro-5625-laptop/p/itma8db282944d83?pid=COMGFHHCGEBXA6WH&lid=LSTCOMGFHHCGEBXA6WHYYNUGW&marketplace=FLIPKART&q=laptops&store=6bo%2Fb5g&srno=s_1_17&otracker=AS_Query_TrendingAutoSuggest_1_0_na_na_na&otracker1=AS_Query_TrendingAutoSuggest_1_0_na_na_na&fm=organic&iid=dc2137cd-fda8-4c52-852d-5e5be9a32cac.COMGFHHCGEBXA6WH.SEARCH&ppt=None&ppn=None&ssid=kg8031n77k0000001663391307833&qH=c06ea84a1e3dc3c6
65,DELL,AMD,"Base Frequency 2.7 GHz, Max Turbo Frequency at 4.1 GHz",8 MB,4,512 GB,,8 GB,AMD Radeon AMD,,39.62 cm (15.6 inch),1920 x 1080 Pixels,3 Cell,1.68 kg,"₹60,990",https://www.flipkart.com/dell-inspiron-core-i3-12th-gen-8-gb-512-gb-ssd-windows-11-home-7420-thin-light-laptop/p/itm0e0d5f29cbb75?pid=COMGFRHGRETUUUNN&lid=LSTCOMGFRHGRETUUUNNPVWLIX&marketplace=FLIPKART&q=laptops&store=6bo%2Fb5g&srno=s_1_18&otracker=AS_Query_TrendingAutoSuggest_1_0_na_na_na&otracker1=AS_Query_TrendingAutoSuggest_1_0_na_na_na&fm=organic&iid=dc2137cd-fda8-4c52-852d-5e5be9a32cac.COMGFRHGRETUUUNN.SEARCH&ppt=None&ppn=None&ssid=kg8031n77k0000001663391307833&qH=c06ea84a1e3dc3c6
66,DELL,AMD,2.1 GHz to Max Turbo Frequency at 3.5 GHz,4,4,256 GB,,8 GB,AMD Radeon,,35.56 cm (14 inch),1920 x 1080 Pixels,3 Cell,1.59 Kg,"₹43,590",https://www.flipkart.com/dell-inspiron-ryzen-3-quad-core-5425u-8-gb-512-gb-ssd-windows-11-home-3525-thin-light-laptop/p/itm6fafc451e8a8b?pid=COMGF3B75NKJGJNF&lid=LSTCOMGF3B75NKJGJNFMGFUTD&marketplace=FLIPKART&q=laptops&store=6bo%2Fb5g&srno=s_1_19&otracker=AS_Query_TrendingAutoSuggest_1_0_na_na_na&otracker1=AS_Query_TrendingAutoSuggest_1_0_na_na_na&fm=organic&iid=dc2137cd-fda8-4c52-852d-5e5be9a32cac.COMGF3B75NKJGJNF.SEARCH&ppt=None&ppn=None&ssid=kg8031n77k0000001663391307833&qH=c06ea84a1e3dc3c6
67,DELL,Intel,4.5,8,2,512 GB,,8 GB,Intel Integrated Iris Xe Graphics,,35.56 cm (14 Inch),1920 x 1080 Pixels,3,1.5 Kgs,"₹40,290",https://www.flipkart.com/dell-vostro-ryzen-5-quad-core-r5-3450u-8-gb-256-gb-ssd-windows-11-home-3405-thin-light-laptop/p/itm6e166f5d09782?pid=COMG9NYDGGGKQH4G&lid=LSTCOMG9NYDGGGKQH4GPNDPJJ&marketplace=FLIPKART&q=laptops&store=6bo%2Fb5g&srno=s_1_20&otracker=AS_Query_TrendingAutoSuggest_1_0_na_na_na&otracker1=AS_Query_TrendingAutoSuggest_1_0_na_na_na&fm=organic&iid=dc2137cd-fda8-4c52-852d-5e5be9a32cac.COMG9NYDGGGKQH4G.SEARCH&ppt=None&ppn=None&ssid=kg8031n77k0000001663391307833&qH=c06ea84a1e3dc3c6
68,DELL,AMD,2.6 GHz to Max Turbo Frequency at 3.5 GHz,4,2,512 GB,,8 GB,AMD Radeon,,88.9 cm (35 cm),1920 x 1080 Pixels,3 Cell,1.59 Kg,"₹71,490",https://www.flipkart.com/dell-inspiron-core-i5-11th-gen-8-gb-512-gb-ssd-windows-11-home-5410-2-1-laptop/p/itma0ee13d6817e5?pid=COMGAD2B9KZKRNHP&lid=LSTCOMGAD2B9KZKRNHPTYQCCR&marketplace=FLIPKART&q=laptops&store=6bo%2Fb5g&srno=s_1_21&otracker=AS_Query_TrendingAutoSuggest_1_0_na_na_na&otracker1=AS_Query_TrendingAutoSuggest_1_0_na_na_na&fm=organic&iid=dc2137cd-fda8-4c52-852d-5e5be9a32cac.COMGAD2B9KZKRNHP.SEARCH&ppt=None&ppn=None&ssid=kg8031n77k0000001663391307833&qH=c06ea84a1e3dc3c6
69,DELL,Intel,3.4,4,,512 GB,,8 GB,Intel Integrated UHD Graphics,,39.62 cm (15.6 Inch),1920 x 1080 Pixels,3,1.8 Kgs,"₹36,590",https://www.flipkart.com/dell-vostro-ryzen-3-dual-core-r3-3250u-8-gb-1-tb-hdd-windows-11-home-3405-thin-light-laptop/p/itma47a896a440ff?pid=COMG9NYDTKAQKCAW&lid=LSTCOMG9NYDTKAQKCAW1ESTPX&marketplace=FLIPKART&q=laptops&store=6bo%2Fb5g&srno=s_1_22&otracker=AS_Query_TrendingAutoSuggest_1_0_na_na_na&otracker1=AS_Query_TrendingAutoSuggest_1_0_na_na_na&fm=organic&iid=dc2137cd-fda8-4c52-852d-5e5be9a32cac.COMG9NYDTKAQKCAW.SEARCH&ppt=None&ppn=None&ssid=kg8031n77k0000001663391307833&qH=c06ea84a1e3dc3c6
70,DELL,AMD,Base 2.1 GHz Upto Max Turbo Frequency at 3.5 GHz,4 MB,,,,8 GB,AMD Radeon Vega Graphics,,39.62 cm (15.6 Inch),1920 x 1080 Pixel,3 Cell,1.8 kg,"₹40,990",https://www.flipkart.com/dell-vostro-core-i3-10th-gen-8-gb-512-gb-ssd-windows-11-home-3510-thin-light-laptop/p/itm4026bcf6107a8?pid=COMGBP5FFVGDQFXY&lid=LSTCOMGBP5FFVGDQFXYP0TQHF&marketplace=FLIPKART&q=laptops&store=6bo%2Fb5g&srno=s_1_23&otracker=AS_Query_TrendingAutoSuggest_1_0_na_na_na&otracker1=AS_Query_TrendingAutoSuggest_1_0_na_na_na&fm=organic&iid=dc2137cd-fda8-4c52-852d-5e5be9a32cac.COMGBP5FFVGDQFXY.SEARCH&ppt=None&ppn=None&ssid=kg8031n77k0000001663391307833&qH=c06ea84a1e3dc3c6
71,DELL,,,,,,,,,,,,,,"₹46,790",https://www.flipkart.com/dell-inspiron-ryzen-5-dual-core-3450u-8-gb-512-gb-ssd-windows-11-home-3515-thin-light-laptop/p/itm9130b557c4381?pid=COMGC3HZXGYTWJX9&lid=LSTCOMGC3HZXGYTWJX97ZUJKH&marketplace=FLIPKART&q=laptops&store=6bo%2Fb5g&srno=s_1_24&otracker=AS_Query_TrendingAutoSuggest_1_0_na_na_na&otracker1=AS_Query_TrendingAutoSuggest_1_0_na_na_na&fm=organic&iid=dc2137cd-fda8-4c52-852d-5e5be9a32cac.COMGC3HZXGYTWJX9.SEARCH&ppt=None&ppn=None&ssid=kg8031n77k0000001663391307833&qH=c06ea84a1e3dc3c6
72,acer,AMD,2.1 GHz with Turbo Boost Upto 4.0 GHz,11 MB,6,512 GB,1 TB,8 GB,NVIDIA GeForce GTX 1650,4 GB,39.62 cm (15.6 inch),1920 x 1080 Pixel,3,2.15 kg,"₹49,990",https://www.flipkart.com/acer-aspire-7-ryzen-5-hexa-core-5500u-8-gb-512-gb-ssd-windows-10-home-4-graphics-nvidia-geforce-gtx-1650-a715-42g-a715-42g-r2ne-gaming-laptop/p/itmf26ac2ffc71a8?pid=COMGYCG8ZBXWPYUU&lid=LSTCOMGYCG8ZBXWPYUUSTSMVQ&marketplace=FLIPKART&q=laptops&store=6bo%2Fb5g&srno=s_1_1&otracker=AS_Query_TrendingAutoSuggest_1_0_na_na_na&otracker1=AS_Query_TrendingAutoSuggest_1_0_na_na_na&fm=organic&iid=69dca245-8d3c-44c6-a9f7-8538630d6c0c.COMGYCG8ZBXWPYUU.SEARCH&ppt=None&ppn=None&ssid=4mjv00969s0000001663391546022&qH=c06ea84a1e3dc3c6
73,acer,Intel,"Base Clock 1.70 Ghz, Max Turbo Boost Frequency Up to 4.10 GHz",8,2,512 GB,1 TB,8 GB,Intel Integrated UHD,6 GB,39.62 cm (15.6 Inch),1920 x 1080 Pixel,3,1.7 Kg,"₹33,319",https://www.flipkart.com/acer-extensa-core-i3-11th-gen-8-gb-512-gb-ssd-windows-11-home-ex-215-54-215-54-356v-thin-light-laptop/p/itm04c565616da14?pid=COMGGYEBDUJ4PYS9&lid=LSTCOMGGYEBDUJ4PYS9H9GDDB&marketplace=FLIPKART&q=laptops&store=6bo%2Fb5g&srno=s_1_2&otracker=AS_Query_TrendingAutoSuggest_1_0_na_na_na&otracker1=AS_Query_TrendingAutoSuggest_1_0_na_na_na&fm=organic&iid=69dca245-8d3c-44c6-a9f7-8538630d6c0c.COMGGYEBDUJ4PYS9.SEARCH&ppt=None&ppn=None&ssid=4mjv00969s0000001663391546022&qH=c06ea84a1e3dc3c6
74,acer,Intel,"Base Clock 3.80 Ghz, Max Turbo Boost Frequency Up to 5.00 GHz",8,2,1 TB,1 TB,16 GB,NVIDIA GeForce RTX 3060,4 GB,39.62 cm (15.6 Inch),2560 x 1440 Pixel,2 cell,1.7 Kg,"₹1,39,990",https://www.flipkart.com/acer-predator-helios-300-core-i9-12th-gen-16-gb-1-tb-ssd-windows-11-home-6-gb-graphics-nvidia-geforce-rtx-3060-ph315-55-ph315-55-99z6-gaming-laptop/p/itm85043c4f71d4a?pid=COMGHY4DQWWBKZUK&lid=LSTCOMGHY4DQWWBKZUKT8DSUT&marketplace=FLIPKART&q=laptops&store=6bo%2Fb5g&srno=s_1_3&otracker=AS_Query_TrendingAutoSuggest_1_0_na_na_na&otracker1=AS_Query_TrendingAutoSuggest_1_0_na_na_na&fm=organic&iid=69dca245-8d3c-44c6-a9f7-8538630d6c0c.COMGHY4DQWWBKZUK.SEARCH&ppt=None&ppn=None&ssid=4mjv00969s0000001663391546022&qH=c06ea84a1e3dc3c6
75,acer,Intel,"Base Clock 1.70 Ghz, Max Turbo Boost Frequency Up to 4.10 GHz",8,4,256 GB,1 TB,8 GB,Intel Integrated UHD,4 GB,39.62 cm (15.6 Inch),1920 x 1080 Pixel,3 cell,2.15 Kg,"₹31,990",https://www.flipkart.com/acer-extensa-core-i3-11th-gen-8-gb-256-gb-ssd-windows-11-home-ex-215-54-thin-light-laptop/p/itm250fbb84e17e7?pid=COMGGYEBHVBR8EVN&lid=LSTCOMGGYEBHVBR8EVNRJAVBG&marketplace=FLIPKART&q=laptops&store=6bo%2Fb5g&srno=s_1_4&otracker=AS_Query_TrendingAutoSuggest_1_0_na_na_na&otracker1=AS_Query_TrendingAutoSuggest_1_0_na_na_na&fm=organic&iid=69dca245-8d3c-44c6-a9f7-8538630d6c0c.COMGGYEBHVBR8EVN.SEARCH&ppt=None&ppn=None&ssid=4mjv00969s0000001663391546022&qH=c06ea84a1e3dc3c6
76,acer,Intel,2.4 GHz with Turbo Boost Upto 5 GHz,16,4,512 GB,,8 GB,NVIDIA GeForce GTX 1650,6 GB,39.62 cm (15.6 inch),1920 x 1080 Pixels,3 cell,1.9 kg,"₹52,990",https://www.flipkart.com/acer-aspire-7-core-i5-10th-gen-8-gb-512-gb-ssd-windows-10-home-4-graphics-nvidia-geforce-gtx-1650-a715-75g-50ta-a715-75g-41g-a715-75g-52aa-gaming-laptop/p/itm365d5a348ad9c?pid=COMG2KBG2K4GFFF7&lid=LSTCOMG2KBG2K4GFFF75TIZXH&marketplace=FLIPKART&q=laptops&store=6bo%2Fb5g&srno=s_1_5&otracker=AS_Query_TrendingAutoSuggest_1_0_na_na_na&otracker1=AS_Query_TrendingAutoSuggest_1_0_na_na_na&fm=organic&iid=69dca245-8d3c-44c6-a9f7-8538630d6c0c.COMG2KBG2K4GFFF7.SEARCH&ppt=None&ppn=None&ssid=4mjv00969s0000001663391546022&qH=c06ea84a1e3dc3c6
77,acer,Intel,"Base Clock 3.30 Ghz, Max Turbo Boost Frequency Up to 4.40 GHz",12,2,512 GB,,8 GB,NVIDIA GeForce RTX 3050,6 GB,39.62 cm (15.6 Inch),1920 x 1080 Pixel,2,1.65 kg,"₹67,990",https://www.flipkart.com/acer-aspire-7-core-i5-12th-gen-8-gb-512-gb-ssd-windows-11-home-4-graphics-nvidia-geforce-rtx-3050-ex-215-54-215-54-356v-a715-51g-53ay-gaming-laptop/p/itm17678327da6a5?pid=COMGHY4DFFQC2ZHW&lid=LSTCOMGHY4DFFQC2ZHWLUNZXG&marketplace=FLIPKART&q=laptops&store=6bo%2Fb5g&srno=s_1_6&otracker=AS_Query_TrendingAutoSuggest_1_0_na_na_na&otracker1=AS_Query_TrendingAutoSuggest_1_0_na_na_na&fm=organic&iid=69dca245-8d3c-44c6-a9f7-8538630d6c0c.COMGHY4DFFQC2ZHW.SEARCH&ppt=None&ppn=None&ssid=4mjv00969s0000001663391546022&qH=c06ea84a1e3dc3c6
78,acer,AMD,"Base Frequency 1.2 GHz, Max Turbo Boost Frequency Up to 2.60 GHz",6,2,256 GB,,4 GB,AMD Radeon AMD,6 GB,35.56 cm (14 Inch),1366 x 768 Pixel,3,1.65 kg,"₹23,990",https://www.flipkart.com/acer-aspire-3-dual-core-3020e-4-gb-256-gb-ssd-windows-11-home-a314-22-laptop/p/itm07e718a865608?pid=COMGBNUMF8CDJZFH&lid=LSTCOMGBNUMF8CDJZFHVNFSHE&marketplace=FLIPKART&q=laptops&store=6bo%2Fb5g&srno=s_1_7&otracker=AS_Query_TrendingAutoSuggest_1_0_na_na_na&otracker1=AS_Query_TrendingAutoSuggest_1_0_na_na_na&fm=organic&iid=69dca245-8d3c-44c6-a9f7-8538630d6c0c.COMGBNUMF8CDJZFH.SEARCH&ppt=None&ppn=None&ssid=4mjv00969s0000001663391546022&qH=c06ea84a1e3dc3c6
79,acer,Intel,"Base Frequency 2.40 GHz, Max Turbo Boost Frequency Up to 4.20 GHz",16,2,512 GB,,8 GB,Intel Integrated Iris Xe,6 GB,39.62 cm (15.6 Inch),1920 x 1080 Pixel,2 cell,1.9 kg,"₹50,990",https://www.flipkart.com/acer-aspire-5-core-i5-11th-gen-8-gb-512-gb-ssd-windows-11-home-a515-56-thin-light-laptop/p/itm12dd44dc68337?pid=COMGCRQZPZ28VKGZ&lid=LSTCOMGCRQZPZ28VKGZLPMFCK&marketplace=FLIPKART&q=laptops&store=6bo%2Fb5g&srno=s_1_8&otracker=AS_Query_TrendingAutoSuggest_1_0_na_na_na&otracker1=AS_Query_TrendingAutoSuggest_1_0_na_na_na&fm=organic&iid=69dca245-8d3c-44c6-a9f7-8538630d6c0c.COMGCRQZPZ28VKGZ.SEARCH&ppt=None&ppn=None&ssid=4mjv00969s0000001663391546022&qH=c06ea84a1e3dc3c6
80,acer,Intel,Max Turbo Boost Frequency Up to 4.20 GHz,12,8,256 GB,,8 GB,Intel Integrated Iris Xe,4 GB,39.62 cm (15.6 inch),1920 x 1080 Pixel,4,1.5 Kg,"₹48,750",https://www.flipkart.com/acer-aspire-5-core-i5-11th-gen-8-gb-1-tb-hdd-256-gb-ssd-windows-10-home-a515-56-thin-light-laptop/p/itmdf83f58e7a903?pid=COMG5EDTDDGAD4QE&lid=LSTCOMG5EDTDDGAD4QEP5NL6A&marketplace=FLIPKART&q=laptops&store=6bo%2Fb5g&srno=s_1_9&otracker=AS_Query_TrendingAutoSuggest_1_0_na_na_na&otracker1=AS_Query_TrendingAutoSuggest_1_0_na_na_na&fm=organic&iid=69dca245-8d3c-44c6-a9f7-8538630d6c0c.COMG5EDTDDGAD4QE.SEARCH&ppt=None&ppn=None&ssid=4mjv00969s0000001663391546022&qH=c06ea84a1e3dc3c6
81,acer,AMD,3.5,,8,512 GB,,4 GB,Intel Integrated AMD Radeon Graphics,,39.62 cm (15.6 Inch),1920 x 1080 Pixels,4,1.9 kg,"₹27,990",https://www.flipkart.com/acer-aspire-3-ryzen-dual-core-r33250u-4-gb-512-gb-ssd-windows-11-home-a315-23-notebook/p/itm3dfe6441269c3?pid=COMGB64G2N5VR6BC&lid=LSTCOMGB64G2N5VR6BCS5GWHL&marketplace=FLIPKART&q=laptops&store=6bo%2Fb5g&srno=s_1_10&otracker=AS_Query_TrendingAutoSuggest_1_0_na_na_na&otracker1=AS_Query_TrendingAutoSuggest_1_0_na_na_na&fm=organic&iid=69dca245-8d3c-44c6-a9f7-8538630d6c0c.COMGB64G2N5VR6BC.SEARCH&ppt=None&ppn=None&ssid=4mjv00969s0000001663391546022&qH=c06ea84a1e3dc3c6
82,acer,AMD,2.60 Ghz with Max Turbo Frequency up to 3.5 Ghz,,12,256 GB,,8 GB,AMD Radeon Radeon Graphics,,35.56 cm (14 inch),1366 x 768 Pixels,3 cell,2.3 Kg,"₹28,990",https://www.flipkart.com/acer-ryzen-3-dual-core-3250u-8-gb-256-gb-ssd-windows-11-home-z2-493-thin-light-laptop/p/itm752c735b4b0a6?pid=COMGFHMJFHEDTDD4&lid=LSTCOMGFHMJFHEDTDD44ATOEE&marketplace=FLIPKART&q=laptops&store=6bo%2Fb5g&srno=s_1_11&otracker=AS_Query_TrendingAutoSuggest_1_0_na_na_na&otracker1=AS_Query_TrendingAutoSuggest_1_0_na_na_na&fm=organic&iid=69dca245-8d3c-44c6-a9f7-8538630d6c0c.COMGFHMJFHEDTDD4.SEARCH&ppt=None&ppn=None&ssid=4mjv00969s0000001663391546022&qH=c06ea84a1e3dc3c6
83,acer,AMD,"Base Frequency 2.60 GHz, Max Turbo Boost Frequency Up to 3.5 GHz",,2,512 GB,,8 GB,AMD Radeon AMD,,39.62 cm (15.6 inch),1920 x 1080 Pixel,4,2.4 kg,"₹33,990",https://www.flipkart.com/acer-aspire-3-ryzen-dual-core-3250u-8-gb-512-gb-ssd-windows-11-home-a315-23-laptop/p/itmb8fe582c41a06?pid=COMGBF6ZPSEYQ4Z3&lid=LSTCOMGBF6ZPSEYQ4Z39H0L9G&marketplace=FLIPKART&q=laptops&store=6bo%2Fb5g&srno=s_1_12&otracker=AS_Query_TrendingAutoSuggest_1_0_na_na_na&otracker1=AS_Query_TrendingAutoSuggest_1_0_na_na_na&fm=organic&iid=69dca245-8d3c-44c6-a9f7-8538630d6c0c.COMGBF6ZPSEYQ4Z3.SEARCH&ppt=None&ppn=None&ssid=4mjv00969s0000001663391546022&qH=c06ea84a1e3dc3c6
84,acer,Intel,5.2,,6,1 TB,,16 GB,NVIDIA GeForce RTX 3060,,39.62 cm (15.6 Inch),1920 x 1080 Pixels,3 cell,1.25 kg,"₹1,39,990",https://www.flipkart.com/acer-predator-helios-300-core-i9-11th-gen-16-gb-1-tb-ssd-windows-11-home-6-gb-graphics-nvidia-geforce-rtx-3060-360-hz-ph315-54-gaming-laptop/p/itmd71aac320ff3e?pid=COMGBWPJRJSF43UR&lid=LSTCOMGBWPJRJSF43URMEP1FG&marketplace=FLIPKART&q=laptops&store=6bo%2Fb5g&srno=s_1_13&otracker=AS_Query_TrendingAutoSuggest_1_0_na_na_na&otracker1=AS_Query_TrendingAutoSuggest_1_0_na_na_na&fm=organic&iid=69dca245-8d3c-44c6-a9f7-8538630d6c0c.COMGBWPJRJSF43UR.SEARCH&ppt=None&ppn=None&ssid=4mjv00969s0000001663391546022&qH=c06ea84a1e3dc3c6
85,acer,AMD,"3.2 GHz, Max Turbo Boost Frequency Up to 4.40 GHz",,4,256 GB,,16 GB,NVIDIA GeForce RTX 3060,,39.62 cm (15.6 inch),1920 X 1080 Pixels,3 cell,2.3 kg,"₹96,990",https://www.flipkart.com/acer-nitro-5-ryzen-7-octa-core-5800h-16-gb-1-tb-hdd-256-gb-ssd-windows-10-home-6-graphics-nvidia-geforce-rtx-3060-144-hz-an515-45-an515-45-r2gl-gaming-laptop/p/itma1ea7a5c6d853?pid=COMG2HCTU4CAZWD9&lid=LSTCOMG2HCTU4CAZWD9BE9ADX&marketplace=FLIPKART&q=laptops&store=6bo%2Fb5g&srno=s_1_14&otracker=AS_Query_TrendingAutoSuggest_1_0_na_na_na&otracker1=AS_Query_TrendingAutoSuggest_1_0_na_na_na&fm=organic&iid=69dca245-8d3c-44c6-a9f7-8538630d6c0c.COMG2HCTU4CAZWD9.SEARCH&ppt=None&ppn=None&ssid=4mjv00969s0000001663391546022&qH=c06ea84a1e3dc3c6
86,acer,Intel,"Base Frequency 3.30 GHz, Max Turbo Boost Frequency Up to 4.4 GHz",,2,512 GB,,8 GB,Intel Integrated Iris Xe,,35.56 cm (14 Inch),2560 x 1440 Pixel,2,1.2 kg,"₹55,990",https://www.flipkart.com/acer-swift-3-core-i5-12th-gen-8-gb-512-gb-ssd-windows-11-home-sf314-512-thin-light-laptop/p/itm227affa2df995?pid=COMGEEJ4AC4FZZNB&lid=LSTCOMGEEJ4AC4FZZNBJ7NCDL&marketplace=FLIPKART&q=laptops&store=6bo%2Fb5g&srno=s_1_15&otracker=AS_Query_TrendingAutoSuggest_1_0_na_na_na&otracker1=AS_Query_TrendingAutoSuggest_1_0_na_na_na&fm=organic&iid=69dca245-8d3c-44c6-a9f7-8538630d6c0c.COMGEEJ4AC4FZZNB.SEARCH&ppt=None&ppn=None&ssid=4mjv00969s0000001663391546022&qH=c06ea84a1e3dc3c6
87,acer,Intel,"Base Clock 1.10 Ghz, Max Turbo Boost Frequency Up to 2.80 GHz",,8,256 GB,,4 GB,Intel Integrated UHD Graphics,,35.56 cm (14 inch),1366 x 768 Pixel,4,1.9 kg,"₹25,990",https://www.flipkart.com/acer-aspire-3-celeron-dual-core-4-gb-256-gb-ssd-windows-11-home-a314-35-notebook/p/itm4222966586c4f?pid=COMGGYRHXFUPTDGM&lid=LSTCOMGGYRHXFUPTDGMLFEDRM&marketplace=FLIPKART&q=laptops&store=6bo%2Fb5g&srno=s_1_16&otracker=AS_Query_TrendingAutoSuggest_1_0_na_na_na&otracker1=AS_Query_TrendingAutoSuggest_1_0_na_na_na&fm=organic&iid=69dca245-8d3c-44c6-a9f7-8538630d6c0c.COMGGYRHXFUPTDGM.SEARCH&ppt=None&ppn=None&ssid=4mjv00969s0000001663391546022&qH=c06ea84a1e3dc3c6
88,acer,Intel,Max Turbo Boost Frequency Up to 4.0 GHz,,2,256 GB,,16 GB,NVIDIA GeForce RTX 3060,,39.62 cm (15.6 inch),1920 x 1080 Pixels,2,1.68 kg,"₹99,990",https://www.flipkart.com/acer-predator-helios-300-octa-core-i7-10th-gen-16-gb-1-tb-hdd-256-gb-ssd-windows-10-home-6-graphics-nvidia-geforce-rtx-3060-144-hz-ph315-53-gaming-laptop/p/itmb2022d3889ada?pid=COMGFH8KHCHZBHDQ&lid=LSTCOMGFH8KHCHZBHDQMC4B4U&marketplace=FLIPKART&q=laptops&store=6bo%2Fb5g&srno=s_1_17&otracker=AS_Query_TrendingAutoSuggest_1_0_na_na_na&otracker1=AS_Query_TrendingAutoSuggest_1_0_na_na_na&fm=organic&iid=69dca245-8d3c-44c6-a9f7-8538630d6c0c.COMGFH8KHCHZBHDQ.SEARCH&ppt=None&ppn=None&ssid=4mjv00969s0000001663391546022&qH=c06ea84a1e3dc3c6
89,acer,AMD,"Base Frequency 2.10 GHz, Max Turbo Boost Frequency Up to 3.70 GHz",,6,512 GB,,8 GB,AMD Radeon 5500U,,35.56 cm (14 inch),1920 x 1080 Pixel,4 cell,1.7 Kg,"₹56,390",https://www.flipkart.com/acer-swift-3-ryzen-5-hexa-core-5500u-8-gb-512-gb-ssd-windows-10-home-sf314-43-thin-light-laptop/p/itm2e14e47e7f287?pid=COMG56TFTZGHZ9CV&lid=LSTCOMG56TFTZGHZ9CV7UNUYW&marketplace=FLIPKART&q=laptops&store=6bo%2Fb5g&srno=s_1_18&otracker=AS_Query_TrendingAutoSuggest_1_0_na_na_na&otracker1=AS_Query_TrendingAutoSuggest_1_0_na_na_na&fm=organic&iid=69dca245-8d3c-44c6-a9f7-8538630d6c0c.COMG56TFTZGHZ9CV.SEARCH&ppt=None&ppn=None&ssid=4mjv00969s0000001663391546022&qH=c06ea84a1e3dc3c6
90,acer,AMD,4.1,,,512 GB,,8 GB,AMD Radeon Vega 8 Mobile,,39.62 cm (15.6 inch),1920 x 1080 Pixels,,2.3 Kg,"₹37,990",https://www.flipkart.com/acer-aspire-ryzen-5-quad-core-3500u-8-gb-512-gb-ssd-windows-11-home-a315-23-notebook/p/itm9d884bcbd61d0?pid=COMGHMHANBW3WBPB&lid=LSTCOMGHMHANBW3WBPBGTWSJR&marketplace=FLIPKART&q=laptops&store=6bo%2Fb5g&srno=s_1_19&otracker=AS_Query_TrendingAutoSuggest_1_0_na_na_na&otracker1=AS_Query_TrendingAutoSuggest_1_0_na_na_na&fm=organic&iid=69dca245-8d3c-44c6-a9f7-8538630d6c0c.COMGHMHANBW3WBPB.SEARCH&ppt=None&ppn=None&ssid=4mjv00969s0000001663391546022&qH=c06ea84a1e3dc3c6
91,acer,Intel,5.2,,,256 GB,,8 GB,Intel Integrated Iris Xe,,35.56 cm (14 inches),1920 x 1080 Pixels,,1.7 Kg,"₹56,490",https://www.flipkart.com/acer-travelmate-core-i5-11th-gen-8-gb-1-tb-hdd-256-gb-ssd-windows-10-home-p214-53-notebook/p/itmdab5e2902b4a9?pid=COMG4PSMGNZ9PD9G&lid=LSTCOMG4PSMGNZ9PD9GQ23JS9&marketplace=FLIPKART&q=laptops&store=6bo%2Fb5g&srno=s_1_20&otracker=AS_Query_TrendingAutoSuggest_1_0_na_na_na&otracker1=AS_Query_TrendingAutoSuggest_1_0_na_na_na&fm=organic&iid=69dca245-8d3c-44c6-a9f7-8538630d6c0c.COMG4PSMGNZ9PD9G.SEARCH&ppt=None&ppn=None&ssid=4mjv00969s0000001663391546022&qH=c06ea84a1e3dc3c6
92,acer,Intel,1.70 GHz with Max Turbo Frequency up to 4.10 GHz,,,512 GB,,8 GB,Intel Integrated UHD Graphics,,39.62 cm (15.6 Inch),1920 x 1080 Pixel,,2.2 kg,"₹43,990",https://www.flipkart.com/acer-aspire-3-core-i3-11th-gen-8-gb-512-gb-ssd-windows-11-home-a315-58-notebook/p/itm9828feade766f?pid=COMGBNUHTWZKVHNF&lid=LSTCOMGBNUHTWZKVHNF3QTSLV&marketplace=FLIPKART&q=laptops&store=6bo%2Fb5g&srno=s_1_21&otracker=AS_Query_TrendingAutoSuggest_1_0_na_na_na&otracker1=AS_Query_TrendingAutoSuggest_1_0_na_na_na&fm=organic&iid=69dca245-8d3c-44c6-a9f7-8538630d6c0c.COMGBNUHTWZKVHNF.SEARCH&ppt=None&ppn=None&ssid=4mjv00969s0000001663391546022&qH=c06ea84a1e3dc3c6
93,acer,Intel,"Base Clock 2.70 GHz, Max Turbo Boost Frequency Up to 4.50 GHz",,,1 TB,,16 GB,NVIDIA GeForce RTX 3060,,39.62 cm (15.6 Inch),2560 x 1440 Pixels,,,"₹1,24,990",https://www.flipkart.com/acer-predator-helios-300-core-i9-11th-gen-16-gb-1-tb-ssd-windows-11-home-6-gb-graphics-nvidia-geforce-rtx-3060-ph315-54-gaming-laptop/p/itm3732fbcde4762?pid=COMGBNUHUUUFHH4Q&lid=LSTCOMGBNUHUUUFHH4QQIMPUN&marketplace=FLIPKART&q=laptops&store=6bo%2Fb5g&srno=s_1_22&otracker=AS_Query_TrendingAutoSuggest_1_0_na_na_na&otracker1=AS_Query_TrendingAutoSuggest_1_0_na_na_na&fm=organic&iid=69dca245-8d3c-44c6-a9f7-8538630d6c0c.COMGBNUHUUUFHH4Q.SEARCH&ppt=None&ppn=None&ssid=4mjv00969s0000001663391546022&qH=c06ea84a1e3dc3c6
94,acer,Intel,,,,256 GB,,8 GB,Intel Integrated UHD Graphics,,39.62 cm (15.6 inch),1920 x 1080 Pixels,,,"₹37,990",https://www.flipkart.com/acer-aspire-3-core-i3-11th-gen-8-gb-256-gb-ssd-windows-11-home-a315-58-notebook/p/itmafb83b51ed7df?pid=COMGF33NVVBW5YMB&lid=LSTCOMGF33NVVBW5YMBIGHBS7&marketplace=FLIPKART&q=laptops&store=6bo%2Fb5g&srno=s_1_23&otracker=AS_Query_TrendingAutoSuggest_1_0_na_na_na&otracker1=AS_Query_TrendingAutoSuggest_1_0_na_na_na&fm=organic&iid=69dca245-8d3c-44c6-a9f7-8538630d6c0c.COMGF33NVVBW5YMB.SEARCH&ppt=None&ppn=None&ssid=4mjv00969s0000001663391546022&qH=c06ea84a1e3dc3c6
95,acer,Intel,,,,512 GB,,8 GB,NVIDIA GeForce GTX 1650,,39.62 cm (15.6 inch),1920 x 1080 Pixel,,,"₹62,990",https://www.flipkart.com/acer-nitro-5-core-i5-11th-gen-8-gb-512-gb-ssd-windows-11-home-4-graphics-nvidia-geforce-gtx-1650-an515-57-gaming-laptop/p/itmad93d3d647683?pid=COMGD37VAQKJRQTQ&lid=LSTCOMGD37VAQKJRQTQGEWALO&marketplace=FLIPKART&q=laptops&store=6bo%2Fb5g&srno=s_1_24&otracker=AS_Query_TrendingAutoSuggest_1_0_na_na_na&otracker1=AS_Query_TrendingAutoSuggest_1_0_na_na_na&fm=organic&iid=69dca245-8d3c-44c6-a9f7-8538630d6c0c.COMGD37VAQKJRQTQ.SEARCH&ppt=None&ppn=None&ssid=4mjv00969s0000001663391546022&qH=c06ea84a1e3dc3c6
96,MSI,Intel,2.5 GHz GHz with Max Turbo Boost Frequency Up to 5.00 GHz,24,4,2 TB,1 TB,32 GB,NVIDIA GeForce RTX 3080 Ti,16 GB,43.94 cm (17.3 Inch),3840 x 2160 Pixel,4 cell,2.9 Kg,"₹3,90,990",https://www.flipkart.com/msi-core-i9-12th-gen-32-gb-2-tb-ssd-windows-11-home-16-gb-graphics-nvidia-geforce-rtx-3080-ti-120-hz-raider-ge77hx-12uhs-205in-gaming-laptop/p/itm9e5ce41e06c01?pid=COMGGZ23UYB7ZZUU&lid=LSTCOMGGZ23UYB7ZZUU0IYJO2&marketplace=FLIPKART&q=laptops&store=6bo%2Fb5g&srno=s_1_1&otracker=AS_Query_TrendingAutoSuggest_1_0_na_na_na&otracker1=AS_Query_TrendingAutoSuggest_1_0_na_na_na&fm=organic&iid=en_NpMJ%2BZCZ4O0DPsRxnGPVFb7zCMs3Iu9JRvTCHR3vOrtnS4sZZfhcnR%2FnZrtmeClWwE0G%2FPy5QVYZ9zUNam8UVg%3D%3D&ppt=None&ppn=None&ssid=9u0h3wglc00000001663391649473&qH=c06ea84a1e3dc3c6
97,MSI,Intel,4.2 GHz Max Turbo Frequency,12,6,512 GB,,8 GB,Intel Integrated UHD,4 GB,35.56 cm (14 inch),1920 x 1080 Pixels,3 Cell,1.3 Kg,"₹41,990",https://www.flipkart.com/msi-modern-14-core-i5-10th-gen-8-gb-512-gb-ssd-windows-10-home-b10mw-639in-notebook/p/itm9771296f748c4?pid=COMG483F5X8GDQSP&lid=LSTCOMG483F5X8GDQSPM5QHSD&marketplace=FLIPKART&q=laptops&store=6bo%2Fb5g&srno=s_1_2&otracker=AS_Query_TrendingAutoSuggest_1_0_na_na_na&otracker1=AS_Query_TrendingAutoSuggest_1_0_na_na_na&fm=organic&iid=en_NpMJ%2BZCZ4O0DPsRxnGPVFb7zCMs3Iu9JRvTCHR3vOrt08u%2Fm8W5Y8oARSrvfLLozzksPsYlVK5VaFZJCORrygg%3D%3D&ppt=None&ppn=None&ssid=9u0h3wglc00000001663391649473&qH=c06ea84a1e3dc3c6
98,MSI,AMD,Base Frequency 2.1 GHz Max Boost at 4.0 GHz,12,6,512 GB,,8 GB,AMD Radeon Radeon,4 GB,35.56 cm (14 inch),1920 x 1080 Pixel,3 Cell,1.3 kg kg,"₹39,990",https://www.flipkart.com/msi-modern-14-ryzen-5-hexa-core-5500u-8-gb-512-gb-ssd-windows-11-home-b5m-242in-thin-light-laptop/p/itm2dadd2a6b6e61?pid=COMGGHMQUHQ6TYBC&lid=LSTCOMGGHMQUHQ6TYBCBBV3KJ&marketplace=FLIPKART&q=laptops&store=6bo%2Fb5g&srno=s_1_3&otracker=AS_Query_TrendingAutoSuggest_1_0_na_na_na&otracker1=AS_Query_TrendingAutoSuggest_1_0_na_na_na&fm=organic&iid=4c69b543-f16b-47c6-931d-57a17f82f903.COMGGHMQUHQ6TYBC.SEARCH&ppt=None&ppn=None&ssid=9u0h3wglc00000001663391649473&qH=c06ea84a1e3dc3c6
99,MSI,AMD,"Base Frequency: 3.3 GHz, Max Boost Upto 4.2 GHz",12,8,512 GB,,8 GB,AMD Radeon RX 5500M,4 GB,39.62 cm (15.6 inch),1920 x 1080 Pixel,3 Cell,2.35 kg kg,"₹49,990",https://www.flipkart.com/msi-bravo-15-ryzen-5-hexa-core-5600h-8-gb-512-gb-ssd-windows-11-home-4-graphics-amd-radeon-rx-5500m-144-hz-b5dd-410in-gaming-laptop/p/itm12cedc4da03bc?pid=COMGGHMQVWN6JJGC&lid=LSTCOMGGHMQVWN6JJGCTAUNJV&marketplace=FLIPKART&q=laptops&store=6bo%2Fb5g&srno=s_1_4&otracker=AS_Query_TrendingAutoSuggest_1_0_na_na_na&otracker1=AS_Query_TrendingAutoSuggest_1_0_na_na_na&fm=organic&iid=4c69b543-f16b-47c6-931d-57a17f82f903.COMGGHMQVWN6JJGC.SEARCH&ppt=None&ppn=None&ssid=9u0h3wglc00000001663391649473&qH=c06ea84a1e3dc3c6
100,MSI,Intel,4.5,12,8,512 GB,,16 GB,NVIDIA GeForce RTX 3050 Ti,8 GB,39.62 cm (15.6 Inch),1920 x 1080 Pixel,3,2.25 Kg,"₹84,990",https://www.flipkart.com/msi-sword-15-core-i5-12th-gen-16-gb-512-gb-ssd-windows-11-home-4-graphics-nvidia-geforce-rtx-3050-ti-144-hz-a12ud-471in-gaming-laptop/p/itmc384d276b42b2?pid=COMGEY8WZREVKB2R&lid=LSTCOMGEY8WZREVKB2R2HVPBM&marketplace=FLIPKART&q=laptops&store=6bo%2Fb5g&srno=s_1_5&otracker=AS_Query_TrendingAutoSuggest_1_0_na_na_na&otracker1=AS_Query_TrendingAutoSuggest_1_0_na_na_na&fm=organic&iid=4c69b543-f16b-47c6-931d-57a17f82f903.COMGEY8WZREVKB2R.SEARCH&ppt=None&ppn=None&ssid=9u0h3wglc00000001663391649473&qH=c06ea84a1e3dc3c6
101,MSI,Intel,Max Turbo Boost at 4.5 GHz,,8,512 GB,,8 GB,NVIDIA GeForce GTX 1650 Max-Q,6 GB,39.62 cm (15.6 inch),1920 x 1080 Pixel,3 Cell,1.86 kg,"₹52,990",https://www.flipkart.com/msi-gf63-thin-core-i5-11th-gen-8-gb-512-gb-ssd-windows-11-home-4-graphics-nvidia-geforce-gtx-1650-max-q-11sc-1046in-gaming-laptop/p/itm4b5beacb857d7?pid=COMGGZ23ZZPQYFJA&lid=LSTCOMGGZ23ZZPQYFJAWNHHWX&marketplace=FLIPKART&q=laptops&store=6bo%2Fb5g&srno=s_1_6&otracker=AS_Query_TrendingAutoSuggest_1_0_na_na_na&otracker1=AS_Query_TrendingAutoSuggest_1_0_na_na_na&fm=organic&iid=4c69b543-f16b-47c6-931d-57a17f82f903.COMGGZ23ZZPQYFJA.SEARCH&ppt=None&ppn=None&ssid=9u0h3wglc00000001663391649473&qH=c06ea84a1e3dc3c6
102,MSI,Intel,Max Frequency Up to 4.6GHz,,12,1 TB,,16 GB,NVIDIA GeForce RTX 3070,4 GB,39.62 cm (15.6 Inch),2560 x 1440 Pixel,3 Cell,2.25 kg,"₹1,09,990",https://www.flipkart.com/msi-pulse-gl66-core-i7-11th-gen-16-gb-1-tb-ssd-windows-10-home-8-gb-graphics-nvidia-geforce-rtx-3070-11ugk-431in-gaming-laptop/p/itm9eaffcc31a058?pid=COMG6E8PV7JC3SMM&lid=LSTCOMG6E8PV7JC3SMMVHYKEI&marketplace=FLIPKART&q=laptops&store=6bo%2Fb5g&srno=s_1_7&otracker=AS_Query_TrendingAutoSuggest_1_0_na_na_na&otracker1=AS_Query_TrendingAutoSuggest_1_0_na_na_na&fm=organic&iid=4c69b543-f16b-47c6-931d-57a17f82f903.COMG6E8PV7JC3SMM.SEARCH&ppt=None&ppn=None&ssid=9u0h3wglc00000001663391649473&qH=c06ea84a1e3dc3c6
103,MSI,Intel,1.8 GHz with Turbo Boost Upto 4.9 GHz,,6,512 GB,,8 GB,Intel Integrated UHD,8 GB,35.56 cm (14 inch),1920 x 1080 Pixel,3 Cell,1.3 kg,"₹57,990",https://www.flipkart.com/msi-core-i7-10th-gen-8-gb-512-gb-ssd-windows-10-home-modern-14-b10mw-659in-thin-light-laptop/p/itmbcbb85feb146e?pid=COMG7GXGMF5QGXGU&lid=LSTCOMG7GXGMF5QGXGUJ3M2IR&marketplace=FLIPKART&q=laptops&store=6bo%2Fb5g&srno=s_1_8&otracker=AS_Query_TrendingAutoSuggest_1_0_na_na_na&otracker1=AS_Query_TrendingAutoSuggest_1_0_na_na_na&fm=organic&iid=en_NpMJ%2BZCZ4O0DPsRxnGPVFb7zCMs3Iu9JRvTCHR3vOrsdZ09CsZ4tR4kVVCNBBlbRaRvugiPF33uKU3rZfuN1Zw%3D%3D&ppt=None&ppn=None&ssid=9u0h3wglc00000001663391649473&qH=c06ea84a1e3dc3c6
104,MSI,Intel,Max Turbo Boost at 4.7 GHz,,6,512 GB,,16 GB,NVIDIA GeForce RTX 3060,6 GB,39.62 cm (15.6 inch),1920 x 1080 Pixel,3 Cell,2.25 kg,"₹1,06,990",https://www.flipkart.com/msi-crosshair-15-core-i7-12th-gen-16-gb-512-gb-ssd-windows-11-home-6-graphics-nvidia-geforce-rtx-3060-144-hz-b12uez-897in-gaming-laptop/p/itmd196e45647125?pid=COMGGZ23YABHSNDH&lid=LSTCOMGGZ23YABHSNDHKUD5XA&marketplace=FLIPKART&q=laptops&store=6bo%2Fb5g&srno=s_1_9&otracker=AS_Query_TrendingAutoSuggest_1_0_na_na_na&otracker1=AS_Query_TrendingAutoSuggest_1_0_na_na_na&fm=organic&iid=4c69b543-f16b-47c6-931d-57a17f82f903.COMGGZ23YABHSNDH.SEARCH&ppt=None&ppn=None&ssid=9u0h3wglc00000001663391649473&qH=c06ea84a1e3dc3c6
105,MSI,Intel,2.3 GHz upto Max turbo frequency at 4.6 Ghz,,,512 GB,,8 GB,NVIDIA GeForce GTX 1650 MAX Q,4 GB,39.62 cm (15.6 Inch),1920 x 1080 Pixel,4 Cell,1.86 Kg,"₹69,990",https://www.flipkart.com/msi-core-i7-11th-gen-8-gb-512-gb-ssd-windows-10-home-4-graphics-nvidia-geforce-gtx-1650-max-q-144-hz-gf63-thin-11sc-852in-gaming-laptop/p/itm13297b2080945?pid=COMGEY8WZYTQCXMG&lid=LSTCOMGEY8WZYTQCXMGMTVWYN&marketplace=FLIPKART&q=laptops&store=6bo%2Fb5g&srno=s_1_10&otracker=AS_Query_TrendingAutoSuggest_1_0_na_na_na&otracker1=AS_Query_TrendingAutoSuggest_1_0_na_na_na&fm=organic&iid=4c69b543-f16b-47c6-931d-57a17f82f903.COMGEY8WZYTQCXMG.SEARCH&ppt=None&ppn=None&ssid=9u0h3wglc00000001663391649473&qH=c06ea84a1e3dc3c6
106,MSI,Intel,Max Turbo Frequency Upto 4.60 GHz,,,1 TB,,16 GB,NVIDIA GeForce RTX 3070,4 GB,39.62 cm (15.6 inch),2560 x 1440 Pixel,3cell,2.38 kg,"₹1,29,990",https://www.flipkart.com/msi-gp66-leopard-core-i7-11th-gen-16-gb-1-tb-ssd-windows-10-home-8-gb-graphics-nvidia-geforce-rtx-3070-144-hz-11ug-693in-gaming-laptop/p/itmfcd34d91873d9?pid=COMGEY8WF6HDUVSF&lid=LSTCOMGEY8WF6HDUVSFIE9BYK&marketplace=FLIPKART&q=laptops&store=6bo%2Fb5g&srno=s_1_11&otracker=AS_Query_TrendingAutoSuggest_1_0_na_na_na&otracker1=AS_Query_TrendingAutoSuggest_1_0_na_na_na&fm=organic&iid=4c69b543-f16b-47c6-931d-57a17f82f903.COMGEY8WF6HDUVSF.SEARCH&ppt=None&ppn=None&ssid=9u0h3wglc00000001663391649473&qH=c06ea84a1e3dc3c6
107,MSI,Intel,4.2 GHz,,,512 GB,,16 GB,Intel Integrated Iris Xe,4 GB,35.56 cm (14 inch),1920 x 1080 Pixel,3 cell,1.29 kg,"₹74,990",https://www.flipkart.com/msi-prestige-14-intel-evo-core-i5-11th-gen-16-gb-512-gb-ssd-windows-10-home-14evo-a11m-624in-thin-light-laptop/p/itmb81d123f71326?pid=COMG5AYMDY4WBVWP&lid=LSTCOMG5AYMDY4WBVWP178BXZ&marketplace=FLIPKART&q=laptops&store=6bo%2Fb5g&srno=s_1_12&otracker=AS_Query_TrendingAutoSuggest_1_0_na_na_na&otracker1=AS_Query_TrendingAutoSuggest_1_0_na_na_na&fm=organic&iid=en_NpMJ%2BZCZ4O0DPsRxnGPVFb7zCMs3Iu9JRvTCHR3vOrsVLFgZKL4TkAjojpFRF8kpKV66DM8iQth0h2Df9nBg4A%3D%3D&ppt=None&ppn=None&ssid=9u0h3wglc00000001663391649473&qH=c06ea84a1e3dc3c6
108,MSI,Intel,2.5 GHz GHz with Max Turbo Boost Frequency Up to 5.00 GHz,,,1 TB,,16 GB,NVIDIA GeForce RTX 3060,4 GB,39.62 cm (15.6 Inch),2560 x 1440 Pixel,3 Cell,2.47 Kg,"₹1,29,990",https://www.flipkart.com/msi-core-i9-12th-gen-16-gb-1-tb-ssd-windows-11-home-6-gb-graphics-nvidia-geforce-rtx-3060-165-hz-pulse-gl66-12uek-898in-gaming-laptop/p/itme75f133bf4841?pid=COMGGZ23QXZZVECG&lid=LSTCOMGGZ23QXZZVECGQKCCNO&marketplace=FLIPKART&q=laptops&store=6bo%2Fb5g&srno=s_1_13&otracker=AS_Query_TrendingAutoSuggest_1_0_na_na_na&otracker1=AS_Query_TrendingAutoSuggest_1_0_na_na_na&fm=organic&iid=4c69b543-f16b-47c6-931d-57a17f82f903.COMGGZ23QXZZVECG.SEARCH&ppt=None&ppn=None&ssid=9u0h3wglc00000001663391649473&qH=c06ea84a1e3dc3c6
109,MSI,Intel,2.70 GHz Max Turbo Boost Frequency Up to 4.50 GHz,,,512 GB,,8 GB,NVIDIA GeForce RTX 3050,6 GB,39.62 cm (15.6 Inch),1920 x 1080 Pixel,3 Cell,1.86 Kg,"₹67,990",https://www.flipkart.com/msi-core-i5-11th-gen-8-gb-512-gb-ssd-windows-10-home-4-graphics-nvidia-geforce-rtx-3050-144-hz-gf63-thin-11uc-867in-gaming-laptop/p/itm4e86e31b8e273?pid=COMGEY8WQXQVBTZB&lid=LSTCOMGEY8WQXQVBTZBXBQHFX&marketplace=FLIPKART&q=laptops&store=6bo%2Fb5g&srno=s_1_14&otracker=AS_Query_TrendingAutoSuggest_1_0_na_na_na&otracker1=AS_Query_TrendingAutoSuggest_1_0_na_na_na&fm=organic&iid=4c69b543-f16b-47c6-931d-57a17f82f903.COMGEY8WQXQVBTZB.SEARCH&ppt=None&ppn=None&ssid=9u0h3wglc00000001663391649473&qH=c06ea84a1e3dc3c6
110,MSI,Intel,Max Turbo Boost at 4.7 GHz,,,512 GB,,8 GB,NVIDIA GeForce RTX 3050,8 GB,39.62 cm (15.6 inch),1920 x 1080 Pixel,3 cell,2.25 kg,"₹90,990",https://www.flipkart.com/msi-katana-gf66-core-i7-12th-gen-8-gb-512-gb-ssd-windows-11-home-4-graphics-nvidia-geforce-rtx-3050-144-hz-12uc-632in-gaming-laptop/p/itm5cbb87e5b174d?pid=COMGGZ23UXDG2BV3&lid=LSTCOMGGZ23UXDG2BV3LFBXVC&marketplace=FLIPKART&q=laptops&store=6bo%2Fb5g&srno=s_1_15&otracker=AS_Query_TrendingAutoSuggest_1_0_na_na_na&otracker1=AS_Query_TrendingAutoSuggest_1_0_na_na_na&fm=organic&iid=4c69b543-f16b-47c6-931d-57a17f82f903.COMGGZ23UXDG2BV3.SEARCH&ppt=None&ppn=None&ssid=9u0h3wglc00000001663391649473&qH=c06ea84a1e3dc3c6
111,MSI,Intel,3.3 GHz upto max turbo frequency at 4.5 Ghz,,,512 GB,,8 GB,Intel Integrated ARC,4 GB,39.62 cm (15.6 Inch),1920 x 1080 Pixel,3 Cell,1.86 Kg,"₹71,990",https://www.flipkart.com/msi-core-i5-12th-gen-8-gb-512-gb-ssd-windows-11-home-intel-integrated-arc-144-hz-thin-gf63-12hw-004in-gaming-laptop/p/itm0f4a61358df78?pid=COMGGZ23BWVE6VFF&lid=LSTCOMGGZ23BWVE6VFFYGH5LP&marketplace=FLIPKART&q=laptops&store=6bo%2Fb5g&srno=s_1_16&otracker=AS_Query_TrendingAutoSuggest_1_0_na_na_na&otracker1=AS_Query_TrendingAutoSuggest_1_0_na_na_na&fm=organic&iid=en_NpMJ%2BZCZ4O0DPsRxnGPVFb7zCMs3Iu9JRvTCHR3vOrvhiIMysUImGowfAygGUELtItAuLbQ1U07KkbCZ655o%2Bw%3D%3D&ppt=None&ppn=None&ssid=9u0h3wglc00000001663391649473&qH=c06ea84a1e3dc3c6
112,MSI,Intel,2.70 GHz Max Turbo Boost Frequency Up to 4.50 GHz,,,512 GB,,8 GB,NVIDIA GeForce GTX 1650 MAX Q,6 GB,39.62 cm (15.6 Inch),1920 x 1080 Pixel,3,1.86 Kg,"₹59,990",https://www.flipkart.com/msi-core-i5-11th-gen-8-gb-512-gb-ssd-windows-10-home-4-graphics-nvidia-geforce-gtx-1650-max-q-144-hz-gf63-thin-11sc-853in-gaming-laptop/p/itm0d8eb0874d9fe?pid=COMGEY8WNGQNKE5G&lid=LSTCOMGEY8WNGQNKE5GODBFR4&marketplace=FLIPKART&q=laptops&store=6bo%2Fb5g&srno=s_1_17&otracker=AS_Query_TrendingAutoSuggest_1_0_na_na_na&otracker1=AS_Query_TrendingAutoSuggest_1_0_na_na_na&fm=organic&iid=4c69b543-f16b-47c6-931d-57a17f82f903.COMGEY8WNGQNKE5G.SEARCH&ppt=None&ppn=None&ssid=9u0h3wglc00000001663391649473&qH=c06ea84a1e3dc3c6
113,MSI,Intel,4.5,,,512 GB,,16 GB,NVIDIA GeForce RTX 3050 Ti,8 GB,39.62 cm (15.6 Inch),1920 x 1080 Pixels,3,2.25 Kg,"₹84,990",https://www.flipkart.com/msi-katana-gf66-core-i5-12th-gen-16-gb-512-gb-ssd-windows-11-home-4-graphics-nvidia-geforce-rtx-3050-ti-144-hz-12ud-472in-gaming-laptop/p/itm0f7beb23c3a47?pid=COMGEY8WAEQYU5ZP&lid=LSTCOMGEY8WAEQYU5ZPXVBGRT&marketplace=FLIPKART&q=laptops&store=6bo%2Fb5g&srno=s_1_18&otracker=AS_Query_TrendingAutoSuggest_1_0_na_na_na&otracker1=AS_Query_TrendingAutoSuggest_1_0_na_na_na&fm=organic&iid=4c69b543-f16b-47c6-931d-57a17f82f903.COMGEY8WAEQYU5ZP.SEARCH&ppt=None&ppn=None&ssid=9u0h3wglc00000001663391649473&qH=c06ea84a1e3dc3c6
114,MSI,Intel,2.5 GHz with Turbo Boost upto 4.5 GHz,,,512 GB,,16 GB,NVIDIA GeForce RTX 3060,,39.62 cm (15.6 inch),1920 x 1080 Pixel,4 cell,1.86 KG,"₹82,990",https://www.flipkart.com/msi-gf65-thin-hexa-core-i5-10th-gen-16-gb-512-gb-ssd-windows-10-home-6-graphics-nvidia-geforce-rtx-3060-144-hz-10ue-290in-gaming-laptop/p/itmafaea3574689e?pid=COMG2HCTSVZ9ZARE&lid=LSTCOMG2HCTSVZ9ZARETLDHEQ&marketplace=FLIPKART&q=laptops&store=6bo%2Fb5g&srno=s_1_19&otracker=AS_Query_TrendingAutoSuggest_1_0_na_na_na&otracker1=AS_Query_TrendingAutoSuggest_1_0_na_na_na&fm=organic&iid=4c69b543-f16b-47c6-931d-57a17f82f903.COMG2HCTSVZ9ZARE.SEARCH&ppt=None&ppn=None&ssid=9u0h3wglc00000001663391649473&qH=c06ea84a1e3dc3c6
115,MSI,Intel,2.3 GHz GHz with Max Turbo Boost Frequency Up to 4.70 GHz,,,1 TB,,16 GB,NVIDIA GeForce RTX 3070,,39.62 cm (15.6 Inch),2560 x 1440 Pixel,3,2.47 Kg,"₹1,49,990",https://www.flipkart.com/msi-core-i7-12th-gen-16-gb-1-tb-ssd-windows-11-home-8-gb-graphics-nvidia-geforce-rtx-3070-165-hz-crosshair-15-b12ugz-1012in-gaming-laptop/p/itm6bcaf731b1221?pid=COMGGZ23WXYZFMTC&lid=LSTCOMGGZ23WXYZFMTCJRKLIO&marketplace=FLIPKART&q=laptops&store=6bo%2Fb5g&srno=s_1_20&otracker=AS_Query_TrendingAutoSuggest_1_0_na_na_na&otracker1=AS_Query_TrendingAutoSuggest_1_0_na_na_na&fm=organic&iid=en_NpMJ%2BZCZ4O0DPsRxnGPVFb7zCMs3Iu9JRvTCHR3vOrtipxzR4rFV1aekl13PFe%2FSn%2BBXjNO9aUz3bovTivM%2FRQ%3D%3D&ppt=None&ppn=None&ssid=9u0h3wglc00000001663391649473&qH=c06ea84a1e3dc3c6
116,MSI,Intel,2.5 GHz with Turbo Boost upto 4.5 GHz,,,256 GB,,8 GB,NVIDIA GeForce GTX 1650 Max Q,,39.62 cm (15.6 inch),1920 x 1080 Pixel,3 cell,1.86 KG,"₹58,000",https://www.flipkart.com/msi-gf63-thin-hexa-core-i5-10th-gen-8-gb-1-tb-hdd-256-gb-ssd-windows-10-home-4-graphics-nvidia-geforce-gtx-1650-max-q-144-hz-10scxr-1616in-10sc-611in-gaming-laptop/p/itmb8888c44a1a68?pid=COMG2K9ZBFJ3ZASR&lid=LSTCOMG2K9ZBFJ3ZASRMMSIPX&marketplace=FLIPKART&q=laptops&store=6bo%2Fb5g&srno=s_1_21&otracker=AS_Query_TrendingAutoSuggest_1_0_na_na_na&otracker1=AS_Query_TrendingAutoSuggest_1_0_na_na_na&fm=organic&iid=4c69b543-f16b-47c6-931d-57a17f82f903.COMG2K9ZBFJ3ZASR.SEARCH&ppt=None&ppn=None&ssid=9u0h3wglc00000001663391649473&qH=c06ea84a1e3dc3c6
117,MSI,Intel,5.0 GHz,,,1 TB,,16 GB,NVIDIA GeForce RTX 3060,,39.62 cm (15.6 inch),1920 x 1080 Pixel,4 cell,1.86 kg,"₹89,990",https://www.flipkart.com/msi-gf65-thin-core-i7-10th-gen-16-gb-1-tb-ssd-windows-10-home-6-gb-graphics-nvidia-geforce-rtx-3060-144-hz-10ue-410in-gaming-laptop/p/itm4883b261a85ea?pid=COMG5AWTPR8FHHVA&lid=LSTCOMG5AWTPR8FHHVAMZKZO3&marketplace=FLIPKART&q=laptops&store=6bo%2Fb5g&srno=s_1_22&otracker=AS_Query_TrendingAutoSuggest_1_0_na_na_na&otracker1=AS_Query_TrendingAutoSuggest_1_0_na_na_na&fm=organic&iid=4c69b543-f16b-47c6-931d-57a17f82f903.COMG5AWTPR8FHHVA.SEARCH&ppt=None&ppn=None&ssid=9u0h3wglc00000001663391649473&qH=c06ea84a1e3dc3c6
118,MSI,AMD,4.4 GHz,,,1 TB,,16 GB,AMD Radeon RX6600M,,39.62 cm (15.6 inch),1920 x 1080 Pixel,3cell,2.35 kg,"₹93,990",https://www.flipkart.com/msi-alpha-15-ryzen-7-octa-core-5800h-16-gb-1-tb-ssd-windows-10-home-8-gb-graphics-amd-radeon-rx6600m-144-hz-b5eek-029in-gaming-laptop/p/itm3df644c09e208?pid=COMG5AWTKZNFCVFT&lid=LSTCOMG5AWTKZNFCVFTRVDRQJ&marketplace=FLIPKART&q=laptops&store=6bo%2Fb5g&srno=s_1_23&otracker=AS_Query_TrendingAutoSuggest_1_0_na_na_na&otracker1=AS_Query_TrendingAutoSuggest_1_0_na_na_na&fm=organic&iid=4c69b543-f16b-47c6-931d-57a17f82f903.COMG5AWTKZNFCVFT.SEARCH&ppt=None&ppn=None&ssid=9u0h3wglc00000001663391649473&qH=c06ea84a1e3dc3c6
119,MSI,Intel,4.8 GHz,,,512 GB,,16 GB,Intel Integrated Intel Iris Xe Graphics,,35.56 cm (14 inch),1920 x 1080 Pixel,,1.29 kg,"₹84,990",https://www.flipkart.com/msi-prestige-14-evo-intel-core-i7-11th-gen-16-gb-512-gb-ssd-windows-10-home-14evo-a11m-625in-thin-light-laptop/p/itm3d0d3ed73e942?pid=COMG5AYMUHAKDBNR&lid=LSTCOMG5AYMUHAKDBNRJMC1AH&marketplace=FLIPKART&q=laptops&store=6bo%2Fb5g&srno=s_1_24&otracker=AS_Query_TrendingAutoSuggest_1_0_na_na_na&otracker1=AS_Query_TrendingAutoSuggest_1_0_na_na_na&fm=organic&iid=en_NpMJ%2BZCZ4O0DPsRxnGPVFb7zCMs3Iu9JRvTCHR3vOruCyix7MSZyc42lMzVAyV7BhtasEooEECQuawEyWAB00w%3D%3D&ppt=None&ppn=None&ssid=9u0h3wglc00000001663391649473&qH=c06ea84a1e3dc3c6
120,APPLE,Apple,2.0 GHz with Turbo Boost Upto 3.8 GHz,6 MB,8,256 GB,,8 GB,NA,,34.54 cm (13.6 Inch),2560 x 1664 Pixel,,1.24 Kg,"₹1,19,900",https://www.flipkart.com/apple-2022-macbook-air-m2-8-gb-256-gb-ssd-mac-os-monterey-mly33hn-a/p/itm48f8f11263927?pid=COMGFB2GMCRXZG85&lid=LSTCOMGFB2GMCRXZG859PGKWX&marketplace=FLIPKART&q=laptops&store=6bo%2Fb5g&srno=s_1_1&otracker=AS_Query_TrendingAutoSuggest_1_0_na_na_na&otracker1=AS_Query_TrendingAutoSuggest_1_0_na_na_na&fm=organic&iid=c94e127f-b4d4-435a-9e6a-be998c693876.COMGFB2GMCRXZG85.SEARCH&ppt=None&ppn=None&ssid=yk5pw177s00000001663391802474&qH=c06ea84a1e3dc3c6
121,APPLE,Apple,1.8 GHz with Turbo Boost Upto 2.9 GHz,3 MB,8,512 GB,,16 GB,NA,,36.07 cm (14.2 inch),3024 x 1964 Pixel,,1.6 kg,"₹1,86,990",https://www.flipkart.com/apple-2021-macbook-pro-m1-16-gb-512-gb-ssd-mac-os-monterey-mkgp3hn-a/p/itmb07cc25112c60?pid=COMG7X7HEJ8YZZHG&lid=LSTCOMG7X7HEJ8YZZHGRQ6EZN&marketplace=FLIPKART&q=laptops&store=6bo%2Fb5g&srno=s_1_2&otracker=AS_Query_TrendingAutoSuggest_1_0_na_na_na&otracker1=AS_Query_TrendingAutoSuggest_1_0_na_na_na&fm=organic&iid=c94e127f-b4d4-435a-9e6a-be998c693876.COMG7X7HEJ8YZZHG.SEARCH&ppt=None&ppn=None&ssid=yk5pw177s00000001663391802474&qH=c06ea84a1e3dc3c6
122,APPLE,Apple,,,8,512 GB,,16 GB,NA,,36.07 cm (14.2 inch),3024 x 1964 Pixel,,1.6 kg,"₹1,83,990",https://www.flipkart.com/apple-2021-macbook-pro-m1-16-gb-512-gb-ssd-mac-os-monterey-mkgr3hn-a/p/itm9c08d68146df6?pid=COMG7X7HCZSRVVM8&lid=LSTCOMG7X7HCZSRVVM8COR6DO&marketplace=FLIPKART&q=laptops&store=6bo%2Fb5g&srno=s_1_3&otracker=AS_Query_TrendingAutoSuggest_1_0_na_na_na&otracker1=AS_Query_TrendingAutoSuggest_1_0_na_na_na&fm=organic&iid=c94e127f-b4d4-435a-9e6a-be998c693876.COMG7X7HCZSRVVM8.SEARCH&ppt=None&ppn=None&ssid=yk5pw177s00000001663391802474&qH=c06ea84a1e3dc3c6
123,APPLE,Apple,,,10,1 TB,,32 GB,NA,,41.15 cm (16.2 inch),3456 x 2234 Pixel,,2.2 kg,"₹3,09,490",https://www.flipkart.com/apple-2021-macbook-pro-m1-max-32-gb-1-tb-ssd-mac-os-monterey-mk1a3hn-a/p/itm00aac391057cc?pid=COMG7X7HZUE3M2HP&lid=LSTCOMG7X7HZUE3M2HPIKXYJ8&marketplace=FLIPKART&q=laptops&store=6bo%2Fb5g&srno=s_1_4&otracker=AS_Query_TrendingAutoSuggest_1_0_na_na_na&otracker1=AS_Query_TrendingAutoSuggest_1_0_na_na_na&fm=organic&iid=c94e127f-b4d4-435a-9e6a-be998c693876.COMG7X7HZUE3M2HP.SEARCH&ppt=None&ppn=None&ssid=yk5pw177s00000001663391802474&qH=c06ea84a1e3dc3c6
124,APPLE,Apple,,,8,512 GB,,8 GB,NA,,34.54 cm (13.6 Inch),2560 x 1664 Pixel,,1.24 Kg,"₹1,49,900",https://www.flipkart.com/apple-2022-macbook-air-m2-8-gb-512-gb-ssd-mac-os-monterey-mlxx3hn-a/p/itmbef05758d133c?pid=COMGFB2GNWNN9DN8&lid=LSTCOMGFB2GNWNN9DN8OLT676&marketplace=FLIPKART&q=laptops&store=6bo%2Fb5g&srno=s_1_5&otracker=AS_Query_TrendingAutoSuggest_1_0_na_na_na&otracker1=AS_Query_TrendingAutoSuggest_1_0_na_na_na&fm=organic&iid=c94e127f-b4d4-435a-9e6a-be998c693876.COMGFB2GNWNN9DN8.SEARCH&ppt=None&ppn=None&ssid=yk5pw177s00000001663391802474&qH=c06ea84a1e3dc3c6
125,APPLE,Apple,,,8,512 GB,,16 GB,NA,,33.78 cm (13.3 inch),2560 x 1600 Pixels,,1.29 Kg,"₹1,32,900",https://www.flipkart.com/apple-macbook-air-m1-16-gb-512-gb-ssd-mac-os-big-sur-z124j002kd/p/itm7f6b2617bd5c0?pid=COMG9UD4GWJFXGEH&lid=LSTCOMG9UD4GWJFXGEHWFHDNX&marketplace=FLIPKART&q=laptops&store=6bo%2Fb5g&srno=s_1_6&otracker=AS_Query_TrendingAutoSuggest_1_0_na_na_na&otracker1=AS_Query_TrendingAutoSuggest_1_0_na_na_na&fm=organic&iid=c94e127f-b4d4-435a-9e6a-be998c693876.COMG9UD4GWJFXGEH.SEARCH&ppt=None&ppn=None&ssid=yk5pw177s00000001663391802474&qH=c06ea84a1e3dc3c6
126,APPLE,Apple,,,8,512 GB,,8 GB,NA,,33.78 cm (13.3 inch),2560 x 1600 Pixel,,1.29 kg,"₹1,10,900",https://www.flipkart.com/apple-macbook-air-m1-8-gb-512-gb-ssd-mac-os-big-sur-z12400092/p/itmed00b1ed83f15?pid=COMG4ZYZMHKH8FEG&lid=LSTCOMG4ZYZMHKH8FEGFW0SF5&marketplace=FLIPKART&q=laptops&store=6bo%2Fb5g&srno=s_1_7&otracker=AS_Query_TrendingAutoSuggest_1_0_na_na_na&otracker1=AS_Query_TrendingAutoSuggest_1_0_na_na_na&fm=organic&iid=c94e127f-b4d4-435a-9e6a-be998c693876.COMG4ZYZMHKH8FEG.SEARCH&ppt=None&ppn=None&ssid=yk5pw177s00000001663391802474&qH=c06ea84a1e3dc3c6
127,APPLE,Apple,,,10,512 GB,,16 GB,NA,,41.15 cm (16.2 inch),3456 x 2234 Pixel,,"2,1 kg","₹2,25,990",https://www.flipkart.com/apple-2021-macbook-pro-m1-16-gb-512-gb-ssd-mac-os-monterey-mk1e3hn-a/p/itm42e9184917963?pid=COMG7X7HWTZNF8A8&lid=LSTCOMG7X7HWTZNF8A8VYF6PU&marketplace=FLIPKART&q=laptops&store=6bo%2Fb5g&srno=s_1_8&otracker=AS_Query_TrendingAutoSuggest_1_0_na_na_na&otracker1=AS_Query_TrendingAutoSuggest_1_0_na_na_na&fm=organic&iid=c94e127f-b4d4-435a-9e6a-be998c693876.COMG7X7HWTZNF8A8.SEARCH&ppt=None&ppn=None&ssid=yk5pw177s00000001663391802474&qH=c06ea84a1e3dc3c6
128,APPLE,Apple,,,10,1 TB,,16 GB,NA,,36.07 cm (14.2 inch),3024 x 1964 Pixel,,1.6 kg,"₹2,26,990",https://www.flipkart.com/apple-2021-macbook-pro-m1-16-gb-1-tb-ssd-mac-os-monterey-mkgq3hn-a/p/itmd3d13e8e4c5f7?pid=COMG7X7HX4NNCVEN&lid=LSTCOMG7X7HX4NNCVENYBCZ3M&marketplace=FLIPKART&q=laptops&store=6bo%2Fb5g&srno=s_1_9&otracker=AS_Query_TrendingAutoSuggest_1_0_na_na_na&otracker1=AS_Query_TrendingAutoSuggest_1_0_na_na_na&fm=organic&iid=c94e127f-b4d4-435a-9e6a-be998c693876.COMG7X7HX4NNCVEN.SEARCH&ppt=None&ppn=None&ssid=yk5pw177s00000001663391802474&qH=c06ea84a1e3dc3c6
129,APPLE,Apple,,,8,512 GB,,8 GB,NA,,34.54 cm (13.6 Inch),2560 x 1664 Pixel,,1.24 kg,"₹1,49,900",https://www.flipkart.com/apple-2022-macbook-air-m2-8-gb-512-gb-ssd-mac-os-monterey-mly03hn-a/p/itmc40ba1d98a816?pid=COMGFB2GTM7MMJYN&lid=LSTCOMGFB2GTM7MMJYNIHQHMG&marketplace=FLIPKART&q=laptops&store=6bo%2Fb5g&srno=s_1_10&otracker=AS_Query_TrendingAutoSuggest_1_0_na_na_na&otracker1=AS_Query_TrendingAutoSuggest_1_0_na_na_na&fm=organic&iid=c94e127f-b4d4-435a-9e6a-be998c693876.COMGFB2GTM7MMJYN.SEARCH&ppt=None&ppn=None&ssid=yk5pw177s00000001663391802474&qH=c06ea84a1e3dc3c6
130,APPLE,Apple,,,8,256 GB,,16 GB,NA,,33.78 cm (13.3 inch),2560 x 1600 Pixels,,1.29 Kg,"₹1,12,900",https://www.flipkart.com/apple-macbook-air-m1-16-gb-256-gb-ssd-mac-os-big-sur-z124j005kd/p/itm5feb8febbc5d9?pid=COMG9UD4UN2ZZGDM&lid=LSTCOMG9UD4UN2ZZGDMXEQ7OR&marketplace=FLIPKART&q=laptops&store=6bo%2Fb5g&srno=s_1_11&otracker=AS_Query_TrendingAutoSuggest_1_0_na_na_na&otracker1=AS_Query_TrendingAutoSuggest_1_0_na_na_na&fm=organic&iid=c94e127f-b4d4-435a-9e6a-be998c693876.COMG9UD4UN2ZZGDM.SEARCH&ppt=None&ppn=None&ssid=yk5pw177s00000001663391802474&qH=c06ea84a1e3dc3c6
131,APPLE,Apple,,,8,256 GB,,8 GB,NA,,34.54 cm (13.6 Inch),2560 x 1664 Pixel,,1.24 Kg,"₹1,19,900",https://www.flipkart.com/apple-2022-macbook-air-m2-8-gb-256-gb-ssd-mac-os-monterey-mlxy3hn-a/p/itmacb15404dd528?pid=COMGFB2GWHPVFMJW&lid=LSTCOMGFB2GWHPVFMJWKVXDUX&marketplace=FLIPKART&q=laptops&store=6bo%2Fb5g&srno=s_1_12&otracker=AS_Query_TrendingAutoSuggest_1_0_na_na_na&otracker1=AS_Query_TrendingAutoSuggest_1_0_na_na_na&fm=organic&iid=c94e127f-b4d4-435a-9e6a-be998c693876.COMGFB2GWHPVFMJW.SEARCH&ppt=None&ppn=None&ssid=yk5pw177s00000001663391802474&qH=c06ea84a1e3dc3c6
132,APPLE,Apple,,,8,512 GB,,8 GB,NA,,34.54 cm (13.6 Inch),2560 x 1664 Pixel,,1.24 Kg,"₹1,49,900",https://www.flipkart.com/apple-2022-macbook-air-m2-8-gb-512-gb-ssd-mac-os-monterey-mly43hn-a/p/itm14cf121550d1a?pid=COMGFB2GDBDYXF9D&lid=LSTCOMGFB2GDBDYXF9DPTKNCZ&marketplace=FLIPKART&q=laptops&store=6bo%2Fb5g&srno=s_1_13&otracker=AS_Query_TrendingAutoSuggest_1_0_na_na_na&otracker1=AS_Query_TrendingAutoSuggest_1_0_na_na_na&fm=organic&iid=c94e127f-b4d4-435a-9e6a-be998c693876.COMGFB2GDBDYXF9D.SEARCH&ppt=None&ppn=None&ssid=yk5pw177s00000001663391802474&qH=c06ea84a1e3dc3c6
133,APPLE,Apple,,,8,512 GB,,8 GB,NA,,33.78 cm (13.3 inch),2560 x 1600 Pixel,,1.29 kg,"₹1,09,990",https://www.flipkart.com/apple-macbook-air-m1-8-gb-512-gb-ssd-mac-os-big-sur-z12a000d3/p/itma083279847e6a?pid=COMG4ZYZH9GZU6UD&lid=LSTCOMG4ZYZH9GZU6UDAFFVPJ&marketplace=FLIPKART&q=laptops&store=6bo%2Fb5g&srno=s_1_14&otracker=AS_Query_TrendingAutoSuggest_1_0_na_na_na&otracker1=AS_Query_TrendingAutoSuggest_1_0_na_na_na&fm=organic&iid=c94e127f-b4d4-435a-9e6a-be998c693876.COMG4ZYZH9GZU6UD.SEARCH&ppt=None&ppn=None&ssid=yk5pw177s00000001663391802474&qH=c06ea84a1e3dc3c6
134,APPLE,Apple,,,10,1 TB,,16 GB,NA,,41.15 cm (16.2 inch),3456 x 2234 Pixel,,2.1 kg,"₹2,40,990",https://www.flipkart.com/apple-2021-macbook-pro-m1-16-gb-1-tb-ssd-mac-os-monterey-mk193hn-a/p/itmac98e5071f1b4?pid=COMG7X7HZBSGGDUF&lid=LSTCOMG7X7HZBSGGDUFTFFHNR&marketplace=FLIPKART&q=laptops&store=6bo%2Fb5g&srno=s_1_15&otracker=AS_Query_TrendingAutoSuggest_1_0_na_na_na&otracker1=AS_Query_TrendingAutoSuggest_1_0_na_na_na&fm=organic&iid=c94e127f-b4d4-435a-9e6a-be998c693876.COMG7X7HZBSGGDUF.SEARCH&ppt=None&ppn=None&ssid=yk5pw177s00000001663391802474&qH=c06ea84a1e3dc3c6
135,APPLE,Apple,,,8,512 GB,,8 GB,NA,,33.78 cm (13.3 inch),2560 x 1600 Pixel,,1.4 kg,"₹1,32,990",https://www.flipkart.com/apple-2020-macbook-pro-m1-8-gb-512-gb-ssd-mac-os-big-sur-myd92hn-a/p/itmbe44ce71a4225?pid=COMFXEKMBJNDSE6N&lid=LSTCOMFXEKMBJNDSE6NSZTMA0&marketplace=FLIPKART&q=laptops&store=6bo%2Fb5g&srno=s_1_16&otracker=AS_Query_TrendingAutoSuggest_1_0_na_na_na&otracker1=AS_Query_TrendingAutoSuggest_1_0_na_na_na&fm=organic&iid=c94e127f-b4d4-435a-9e6a-be998c693876.COMFXEKMBJNDSE6N.SEARCH&ppt=None&ppn=None&ssid=yk5pw177s00000001663391802474&qH=c06ea84a1e3dc3c6
136,APPLE,Apple,,,10,1 TB,,32 GB,NA,,41.15 cm (16.2 inch),3456 x 2234 Pixel,,"2,2 kg","₹3,09,990",https://www.flipkart.com/apple-2021-macbook-pro-m1-max-32-gb-1-tb-ssd-mac-os-monterey-mk1h3hn-a/p/itmb02d4fba3c131?pid=COMG7X7HJBHPRPSU&lid=LSTCOMG7X7HJBHPRPSUCZ0U5Z&marketplace=FLIPKART&q=laptops&store=6bo%2Fb5g&srno=s_1_17&otracker=AS_Query_TrendingAutoSuggest_1_0_na_na_na&otracker1=AS_Query_TrendingAutoSuggest_1_0_na_na_na&fm=organic&iid=c94e127f-b4d4-435a-9e6a-be998c693876.COMG7X7HJBHPRPSU.SEARCH&ppt=None&ppn=None&ssid=yk5pw177s00000001663391802474&qH=c06ea84a1e3dc3c6
137,APPLE,Apple,,,8,256 GB,,8 GB,NA,,34.54 cm (13.6 Inch),2560 x 1664 Pixel,,1.24 kg,"₹1,19,900",https://www.flipkart.com/apple-2022-macbook-air-m2-8-gb-256-gb-ssd-mac-os-monterey-mly13hn-a/p/itmc4339d2e58810?pid=COMGFB2GBKDVYBDD&lid=LSTCOMGFB2GBKDVYBDDLKF8WC&marketplace=FLIPKART&q=laptops&store=6bo%2Fb5g&srno=s_1_18&otracker=AS_Query_TrendingAutoSuggest_1_0_na_na_na&otracker1=AS_Query_TrendingAutoSuggest_1_0_na_na_na&fm=organic&iid=c94e127f-b4d4-435a-9e6a-be998c693876.COMGFB2GBKDVYBDD.SEARCH&ppt=None&ppn=None&ssid=yk5pw177s00000001663391802474&qH=c06ea84a1e3dc3c6
138,APPLE,Apple,,,8,512 GB,,16 GB,NA,,33.78 cm (13.3 inch),2560 x 1600 Pixels,,1.29 Kg,"₹1,32,900",https://www.flipkart.com/apple-macbook-air-m1-16-gb-512-gb-ssd-mac-os-big-sur-z124j006kd/p/itm57dd82a9cdd4d?pid=COMG9UD4HGY4GFAV&lid=LSTCOMG9UD4HGY4GFAVQ92BTZ&marketplace=FLIPKART&q=laptops&store=6bo%2Fb5g&srno=s_1_19&otracker=AS_Query_TrendingAutoSuggest_1_0_na_na_na&otracker1=AS_Query_TrendingAutoSuggest_1_0_na_na_na&fm=organic&iid=c94e127f-b4d4-435a-9e6a-be998c693876.COMG9UD4HGY4GFAV.SEARCH&ppt=None&ppn=None&ssid=yk5pw177s00000001663391802474&qH=c06ea84a1e3dc3c6
139,APPLE,Apple,,,10,1 TB,,16 GB,NA,,41.15 cm (16.2 inch),3456 x 2234 Pixel,,2.1 kg,"₹2,45,990",https://www.flipkart.com/apple-2021-macbook-pro-m1-16-gb-1-tb-ssd-mac-os-monterey-mk1f3hn-a/p/itm4ebc9965a16d9?pid=COMG7X7H2BDZFGET&lid=LSTCOMG7X7H2BDZFGET3SZV10&marketplace=FLIPKART&q=laptops&store=6bo%2Fb5g&srno=s_1_20&otracker=AS_Query_TrendingAutoSuggest_1_0_na_na_na&otracker1=AS_Query_TrendingAutoSuggest_1_0_na_na_na&fm=organic&iid=c94e127f-b4d4-435a-9e6a-be998c693876.COMG7X7H2BDZFGET.SEARCH&ppt=None&ppn=None&ssid=yk5pw177s00000001663391802474&qH=c06ea84a1e3dc3c6
140,APPLE,Intel,,,4,1 TB,,16 GB,Intel Integrated Iris Plus,,33.02 cm (13 inch),2560 x 1600 Pixel,,1.4 kg,"₹1,81,990",https://www.flipkart.com/apple-macbook-pro-touch-bar-core-i5-10th-gen-16-gb-1-tb-ssd-mac-os-catalina-mwp82hn-a/p/itmbcb1d64fe60c6?pid=COMFRZ3NESZHBG9Z&lid=LSTCOMFRZ3NESZHBG9ZV56B85&marketplace=FLIPKART&q=laptops&store=6bo%2Fb5g&srno=s_1_21&otracker=AS_Query_TrendingAutoSuggest_1_0_na_na_na&otracker1=AS_Query_TrendingAutoSuggest_1_0_na_na_na&fm=organic&iid=c94e127f-b4d4-435a-9e6a-be998c693876.COMFRZ3NESZHBG9Z.SEARCH&ppt=None&ppn=None&ssid=yk5pw177s00000001663391802474&qH=c06ea84a1e3dc3c6
141,APPLE,Apple,,,8,256 GB,,8 GB,NA,,34.54 cm (13.6 Inch),2560 x 1664 Pixel,,1.24 Kg,"₹1,19,900",https://www.flipkart.com/apple-2022-macbook-air-m2-8-gb-256-gb-ssd-mac-os-monterey-mlxw3hn-a/p/itm9da65ee831fac?pid=COMGFB2GSG8EQXCQ&lid=LSTCOMGFB2GSG8EQXCQCYZEC9&marketplace=FLIPKART&q=laptops&store=6bo%2Fb5g&srno=s_1_22&otracker=AS_Query_TrendingAutoSuggest_1_0_na_na_na&otracker1=AS_Query_TrendingAutoSuggest_1_0_na_na_na&fm=organic&iid=c94e127f-b4d4-435a-9e6a-be998c693876.COMGFB2GSG8EQXCQ.SEARCH&ppt=None&ppn=None&ssid=yk5pw177s00000001663391802474&qH=c06ea84a1e3dc3c6
142,APPLE,Intel,,,8,128 GB,,8 GB,Intel Integrated HD 6000,,33.78 cm (13.3 inch),1440 x 900 Pixel,,1.35 kg,"₹73,490",https://www.flipkart.com/apple-macbook-air-core-i5-5th-gen-8-gb-128-gb-ssd-mac-os-sierra-mqd32hn-a/p/itm0602f520428ca?pid=COMEVCPQBXBDFJ8C&lid=LSTCOMEVCPQBXBDFJ8CBM9RP1&marketplace=FLIPKART&q=laptops&store=6bo%2Fb5g&srno=s_1_23&otracker=AS_Query_TrendingAutoSuggest_1_0_na_na_na&otracker1=AS_Query_TrendingAutoSuggest_1_0_na_na_na&fm=organic&iid=c94e127f-b4d4-435a-9e6a-be998c693876.COMEVCPQBXBDFJ8C.SEARCH&ppt=None&ppn=None&ssid=yk5pw177s00000001663391802474&qH=c06ea84a1e3dc3c6
143,APPLE,Apple,,,,512 GB,,8 GB,NA,,33.78 cm (13.3 inch),2560 x 1600 Pixel,,1.29 kg,"₹1,17,900",https://www.flipkart.com/apple-2020-macbook-air-m1-8-gb-512-gb-ssd-mac-os-big-sur-mgn73hn-a/p/itm37da92e833fa3?pid=COMFXEKM8GQJW5DE&lid=LSTCOMFXEKM8GQJW5DEWZL2XD&marketplace=FLIPKART&q=laptops&store=6bo%2Fb5g&srno=s_1_24&otracker=AS_Query_TrendingAutoSuggest_1_0_na_na_na&otracker1=AS_Query_TrendingAutoSuggest_1_0_na_na_na&fm=organic&iid=c94e127f-b4d4-435a-9e6a-be998c693876.COMFXEKM8GQJW5DE.SEARCH&ppt=None&ppn=None&ssid=yk5pw177s00000001663391802474&qH=c06ea84a1e3dc3c6
